Family,Subfamily,Tribe,Subtribe,Genus,Subgenus,Species,Subspecies,iNat_Obs
ANDRENIDAE,Andreninae,None,None,Andrena,Andrena,Andrena aculeata,https://en.wikipedia.org/wiki/Andrena_aculeata,0
ANDRENIDAE,Andreninae,None,None,Andrena,Trachandrena,Andrena amphibola,https://teaswamp-creations.github.io/bee-book/bees/andrena_amphibola/,3
ANDRENIDAE,Andreninae,None,None,Andrena,Parandrena,Andrena andrenoides,https://en.wikipedia.org/wiki/Andrena_andrenoides,0
ANDRENIDAE,Andreninae,None,None,Andrena,*********Unplaced,Andrena angustifovea,https://en.wikipedia.org/wiki/Andrena_angustifovea,0
ANDRENIDAE,Andreninae,None,None,Andrena,Simandrena,Andrena angustitarsata,https://teaswamp-creations.github.io/bee-book/bees/andrena_angustitarsata/,0
ANDRENIDAE,Andreninae,None,None,Andrena,Euandrena,Andrena astragali,https://teaswamp-creations.github.io/bee-book/bees/andrena_astragali/,31
ANDRENIDAE,Andreninae,None,None,Andrena,Euandrena,Andrena auricoma,https://teaswamp-creations.github.io/bee-book/bees/andrena_auricoma/,6
ANDRENIDAE,Andreninae,None,None,Andrena,Leucandrena,Andrena barbilabris,https://teaswamp-creations.github.io/bee-book/bees/andrena_barbilabris/,1
ANDRENIDAE,Andreninae,None,None,Andrena,Dactylandrena,Andrena berberidis,https://teaswamp-creations.github.io/bee-book/bees/andrena_berberidis/,0
ANDRENIDAE,Andreninae,None,None,Andrena,Andrena,Andrena buckelli,https://teaswamp-creations.github.io/bee-book/bees/andrena_buckelli/,0
ANDRENIDAE,Andreninae,None,None,Andrena,Euandrena,Andrena caerulea,https://teaswamp-creations.github.io/bee-book/bees/andrena_caerulea/,0
ANDRENIDAE,Andreninae,None,None,Andrena,Thysandrena,Andrena candida,https://teaswamp-creations.github.io/bee-book/bees/andrena_candida/,0
ANDRENIDAE,Andreninae,None,None,Andrena,Micrandrena,Andrena candidiformis,https://en.wikipedia.org/wiki/Andrena_candidiformis,0
ANDRENIDAE,Andreninae,None,None,Andrena,Melandrena,Andrena carlini,https://en.wikipedia.org/wiki/Andrena_carlini,0
ANDRENIDAE,Andreninae,None,None,Andrena,Andrena,Andrena ceanothifloris,https://en.wikipedia.org/wiki/Andrena_ceanothifloris,0
ANDRENIDAE,Andreninae,None,None,Andrena,Melandrena,Andrena cerasifolii,https://en.wikipedia.org/wiki/Andrena_cerasifolii,0
ANDRENIDAE,Andreninae,None,None,Andrena,Scaphandrena,Andrena chapmanae,https://en.wikipedia.org/wiki/Andrena_chapmanae,0
ANDRENIDAE,Andreninae,None,None,Andrena,Micrandrena,Andrena chlorogaster,https://en.wikipedia.org/wiki/Andrena_chlorogaster,0
ANDRENIDAE,Andreninae,None,None,Andrena,Euandrena,Andrena chlorura,https://teaswamp-creations.github.io/bee-book/bees/andrena_chlorura/,0
ANDRENIDAE,Andreninae,None,None,Andrena,Andrena,Andrena clarkella,https://en.wikipedia.org/wiki/Andrena_clarkella,0
ANDRENIDAE,Andreninae,None,None,Andrena,Trachandrena,Andrena cleodora,https://teaswamp-creations.github.io/bee-book/bees/andrena_cleodora/,0
ANDRENIDAE,Andreninae,None,None,Andrena,Cnemidandrena,Andrena colletina,https://en.wikipedia.org/wiki/Andrena_colletina,0
ANDRENIDAE,Andreninae,None,None,Andrena,Cnemidandrena,Andrena columbiana,https://teaswamp-creations.github.io/bee-book/bees/andrena_columbiana/,3
ANDRENIDAE,Andreninae,None,None,Andrena,Melandrena,Andrena commoda,https://en.wikipedia.org/wiki/Andrena_commoda,0
ANDRENIDAE,Andreninae,None,None,Andrena,Parandrena,Andrena concinnula,https://teaswamp-creations.github.io/bee-book/bees/andrena_concinnula/,0
ANDRENIDAE,Andreninae,None,None,Andrena,Cnemidandrena,Andrena costillensis,https://teaswamp-creations.github.io/bee-book/bees/andrena_costillensis/,0
ANDRENIDAE,Andreninae,None,None,Andrena,Plastandrena,Andrena crataegi,https://teaswamp-creations.github.io/bee-book/bees/andrena_crataegi/,6
ANDRENIDAE,Andreninae,None,None,Andrena,Holandrena,Andrena cressonii,https://teaswamp-creations.github.io/bee-book/bees/andrena_cressonii/,0
ANDRENIDAE,Andreninae,None,None,Andrena,Dasyandrena,Andrena cristata,https://en.wikipedia.org/wiki/Andrena_cristata,0
ANDRENIDAE,Andreninae,None,None,Andrena,Diandrena,Andrena cuneilabris,https://en.wikipedia.org/wiki/Andrena_cuneilabris,0
ANDRENIDAE,Andreninae,None,None,Andrena,Trachandrena,Andrena cupreotincta,https://teaswamp-creations.github.io/bee-book/bees/andrena_cupreotincta/,0
ANDRENIDAE,Andreninae,None,None,Andrena,Trachandrena,Andrena cyanophila,https://teaswamp-creations.github.io/bee-book/bees/andrena_cyanophila/,0
ANDRENIDAE,Andreninae,None,None,Andrena,Andrena,Andrena edwardsi,https://en.wikipedia.org/wiki/Andrena_edwardsi,0
ANDRENIDAE,Andreninae,None,None,Andrena,Tylandrena,Andrena erythrogaster,https://teaswamp-creations.github.io/bee-book/bees/andrena_erythrogaster/,0
ANDRENIDAE,Andreninae,None,None,Andrena,Diandrena,Andrena evoluta,https://en.wikipedia.org/wiki/Andrena_evoluta,0
ANDRENIDAE,Andreninae,None,None,Andrena,*********Unplaced,Andrena excellens,https://teaswamp-creations.github.io/bee-book/bees/andrena_excellens/,0
ANDRENIDAE,Andreninae,None,None,Andrena,Trachandrena,Andrena forbesii,https://teaswamp-creations.github.io/bee-book/bees/andrena_forbesii/,0
ANDRENIDAE,Andreninae,None,None,Andrena,Andrena,Andrena frigida,https://teaswamp-creations.github.io/bee-book/bees/andrena_frigida/,4
ANDRENIDAE,Andreninae,None,None,Andrena,*********Unplaced,Andrena fulvicrista,https://teaswamp-creations.github.io/bee-book/bees/andrena_fulvicrista/,0
ANDRENIDAE,Andreninae,None,None,Andrena,Trachandrena,Andrena fuscicauda,https://teaswamp-creations.github.io/bee-book/bees/andrena_fuscicauda/,0
ANDRENIDAE,Andreninae,None,None,Andrena,Euandrena,Andrena geranii,https://en.wikipedia.org/wiki/Andrena_geranii,0
ANDRENIDAE,Andreninae,None,None,Andrena,Parandrena,Andrena gibberis,https://en.wikipedia.org/wiki/Andrena_gibberis,0
ANDRENIDAE,Andreninae,None,None,Andrena,Andrena,Andrena hemileuca,https://teaswamp-creations.github.io/bee-book/bees/andrena_hemileuca/,0
ANDRENIDAE,Andreninae,None,None,Andrena,Trachandrena,Andrena hippotes,https://teaswamp-creations.github.io/bee-book/bees/andrena_hippotes/,0
ANDRENIDAE,Andreninae,None,None,Andrena,Micrandrena,Andrena illinoiensis,https://teaswamp-creations.github.io/bee-book/bees/andrena_illinoiensis/,0
ANDRENIDAE,Andreninae,None,None,Andrena,Thysandrena,Andrena knuthiana,https://en.wikipedia.org/wiki/Andrena_knuthiana,0
ANDRENIDAE,Andreninae,None,None,Andrena,Andrena,Andrena laminibucca,https://en.wikipedia.org/wiki/Andrena_laminibucca,0
ANDRENIDAE,Andreninae,None,None,Andrena,Euandrena,Andrena lawrencei,https://en.wikipedia.org/wiki/Andrena_lawrencei,0
ANDRENIDAE,Andreninae,None,None,Andrena,*********Unplaced,Andrena lillooetensis,https://teaswamp-creations.github.io/bee-book/bees/andrena_lillooetensis/,0
ANDRENIDAE,Andreninae,None,None,Andrena,Melandrena,Andrena lupinorum,https://en.wikipedia.org/wiki/Andrena_lupinorum,0
ANDRENIDAE,Andreninae,None,None,Andrena,Andrena,Andrena macoupinensis,https://en.wikipedia.org/wiki/Andrena_macoupinensis,0
ANDRENIDAE,Andreninae,None,None,Andrena,Trachandrena,Andrena mariae,https://teaswamp-creations.github.io/bee-book/bees/andrena_mariae/,0
ANDRENIDAE,Andreninae,None,None,Andrena,Thysandrena,Andrena medionitens,https://teaswamp-creations.github.io/bee-book/bees/andrena_medionitens/,0
ANDRENIDAE,Andreninae,None,None,Andrena,Micrandrena,Andrena melanochroa,https://teaswamp-creations.github.io/bee-book/bees/andrena_melanochroa/,0
ANDRENIDAE,Andreninae,None,None,Andrena,Scaphandrena,Andrena merriami,https://teaswamp-creations.github.io/bee-book/bees/andrena_merriami/,0
ANDRENIDAE,Andreninae,None,None,Andrena,Micrandrena,Andrena microchlora,https://en.wikipedia.org/wiki/Andrena_microchlora,0
ANDRENIDAE,Andreninae,None,None,Andrena,Andrena,Andrena milwaukeensis,https://teaswamp-creations.github.io/bee-book/bees/andrena_milwaukeensis/,5
ANDRENIDAE,Andreninae,None,None,Andrena,Trachandrena,Andrena miranda,https://teaswamp-creations.github.io/bee-book/bees/andrena_miranda/,0
ANDRENIDAE,Andreninae,None,None,Andrena,Euandrena,Andrena misella,https://en.wikipedia.org/wiki/Andrena_misella,0
ANDRENIDAE,Andreninae,None,None,Andrena,Larandrena,Andrena miserabilis,https://teaswamp-creations.github.io/bee-book/bees/andrena_miserabilis/,9
ANDRENIDAE,Andreninae,None,None,Andrena,Scaphandrena,Andrena montrosensis,https://en.wikipedia.org/wiki/Andrena_montrosensis,0
ANDRENIDAE,Andreninae,None,None,Andrena,Parandrena,Andrena nevadensis,https://en.wikipedia.org/wiki/Andrena_nevadensis,0
ANDRENIDAE,Andreninae,None,None,Andrena,Euandrena,Andrena nigrihirta,https://teaswamp-creations.github.io/bee-book/bees/andrena_nigrihirta/,0
ANDRENIDAE,Andreninae,None,None,Andrena,Euandrena,Andrena nigrocaerulea,https://teaswamp-creations.github.io/bee-book/bees/andrena_nigrocaerulea/,1
ANDRENIDAE,Andreninae,None,None,Andrena,Melandrena,Andrena nivalis,https://teaswamp-creations.github.io/bee-book/bees/andrena_nivalis/,0
ANDRENIDAE,Andreninae,None,None,Andrena,Diandrena,Andrena nothocalaidis,https://en.wikipedia.org/wiki/Andrena_nothocalaidis,0
ANDRENIDAE,Andreninae,None,None,Andrena,Cnemidandrena,Andrena nubecula,https://en.wikipedia.org/wiki/Andrena_nubecula,0
ANDRENIDAE,Andreninae,None,None,Andrena,Simandrena,Andrena pallidifovea,https://teaswamp-creations.github.io/bee-book/bees/andrena_pallidifovea/,0
ANDRENIDAE,Andreninae,None,None,Andrena,Andrena,Andrena perarmata,https://teaswamp-creations.github.io/bee-book/bees/andrena_perarmata/,0
ANDRENIDAE,Andreninae,None,None,Andrena,Tylandrena,Andrena perplexa,https://teaswamp-creations.github.io/bee-book/bees/andrena_perplexa/,0
ANDRENIDAE,Andreninae,None,None,Andrena,Melandrena,Andrena pertristis,https://en.wikipedia.org/wiki/Andrena_pertristis,0
ANDRENIDAE,Andreninae,None,None,Andrena,Micrandrena,Andrena piperi,https://en.wikipedia.org/wiki/Andrena_piperi,0
ANDRENIDAE,Andreninae,None,None,Andrena,Dactylandrena,Andrena porterae,https://en.wikipedia.org/wiki/Andrena_porterae,0
ANDRENIDAE,Andreninae,None,None,Andrena,Plastandrena,Andrena prunorum,https://teaswamp-creations.github.io/bee-book/bees/andrena_prunorum/,220
ANDRENIDAE,Andreninae,None,None,Andrena,Trachandrena,Andrena quintiliformis,https://en.wikipedia.org/wiki/Andrena_quintiliformis,0
ANDRENIDAE,Andreninae,None,None,Andrena,Melandrena,Andrena regularis,https://teaswamp-creations.github.io/bee-book/bees/andrena_regularis/,0
ANDRENIDAE,Andreninae,None,None,Andrena,*********Unplaced,Andrena revelstokensis,https://en.wikipedia.org/wiki/Andrena_revelstokensis,0
ANDRENIDAE,Andreninae,None,None,Andrena,Andrena,Andrena rufosignata,https://teaswamp-creations.github.io/bee-book/bees/andrena_rufosignata/,0
ANDRENIDAE,Andreninae,None,None,Andrena,Cnemidandrena,Andrena runcinatae,https://en.wikipedia.org/wiki/Andrena_runcinatae,0
ANDRENIDAE,Andreninae,None,None,Andrena,Andrena,Andrena saccata,https://teaswamp-creations.github.io/bee-book/bees/andrena_saccata/,0
ANDRENIDAE,Andreninae,None,None,Andrena,Trachandrena,Andrena salicifloris,https://teaswamp-creations.github.io/bee-book/bees/andrena_salicifloris/,0
ANDRENIDAE,Andreninae,None,None,Andrena,Micrandrena,Andrena salictaria,https://en.wikipedia.org/wiki/Andrena_salictaria,0
ANDRENIDAE,Andreninae,None,None,Andrena,Andrena,Andrena schuhi,https://teaswamp-creations.github.io/bee-book/bees/andrena_schuhi/,0
ANDRENIDAE,Andreninae,None,None,Andrena,Scaphandrena,Andrena scurra,https://teaswamp-creations.github.io/bee-book/bees/andrena_scurra/,0
ANDRENIDAE,Andreninae,None,None,Andrena,Cnemidandrena,Andrena scutellinitens,https://en.wikipedia.org/wiki/Andrena_scutellinitens,0
ANDRENIDAE,Andreninae,None,None,Andrena,Euandrena,Andrena segregans,https://en.wikipedia.org/wiki/Andrena_segregans,0
ANDRENIDAE,Andreninae,None,None,Andrena,Trachandrena,Andrena sigmundi,https://teaswamp-creations.github.io/bee-book/bees/andrena_sigmundi/,0
ANDRENIDAE,Andreninae,None,None,Andrena,*********Unplaced,Andrena singularis,https://teaswamp-creations.github.io/bee-book/bees/andrena_singularis/,0
ANDRENIDAE,Andreninae,None,None,Andrena,Scaphandrena,Andrena sladeni,https://en.wikipedia.org/wiki/Andrena_sladeni,0
ANDRENIDAE,Andreninae,None,None,Andrena,Melandrena,Andrena sola,https://en.wikipedia.org/wiki/Andrena_sola,0
ANDRENIDAE,Andreninae,None,None,Andrena,Trachandrena,Andrena striatifrons,https://teaswamp-creations.github.io/bee-book/bees/andrena_striatifrons/,0
ANDRENIDAE,Andreninae,None,None,Andrena,Tylandrena,Andrena subaustralis,https://teaswamp-creations.github.io/bee-book/bees/andrena_subaustralis/,0
ANDRENIDAE,Andreninae,None,None,Andrena,Tylandrena,Andrena subtilis,https://teaswamp-creations.github.io/bee-book/bees/andrena_subtilis/,0
ANDRENIDAE,Andreninae,None,None,Andrena,Simandrena,Andrena subtrita,https://en.wikipedia.org/wiki/Andrena_subtrita,0
ANDRENIDAE,Andreninae,None,None,Andrena,Cnemidandrena,Andrena surda,https://www.inaturalist.org/observations/58681743,1
ANDRENIDAE,Andreninae,None,None,Andrena,Andrena,Andrena thaspii,https://teaswamp-creations.github.io/bee-book/bees/andrena_thaspii/,0
ANDRENIDAE,Andreninae,None,None,Andrena,Andrena,Andrena topazana,https://en.wikipedia.org/wiki/Andrena_topazana,0
ANDRENIDAE,Andreninae,None,None,Andrena,Melandrena,Andrena transnigra,https://teaswamp-creations.github.io/bee-book/bees/andrena_transnigra/,7
ANDRENIDAE,Andreninae,None,None,Andrena,Geissandrena,Andrena trevoris,https://teaswamp-creations.github.io/bee-book/bees/andrena_trevoris/,0
ANDRENIDAE,Andreninae,None,None,Andrena,Thysandrena,Andrena trizonata,https://en.wikipedia.org/wiki/Andrena_trizonata,0
ANDRENIDAE,Andreninae,None,None,Andrena,Melandrena,Andrena vicina,https://teaswamp-creations.github.io/bee-book/bees/andrena_vicina/,1
ANDRENIDAE,Andreninae,None,None,Andrena,Andrena,Andrena vicinoides,https://teaswamp-creations.github.io/bee-book/bees/andrena_vicinoides/,0
ANDRENIDAE,Andreninae,None,None,Andrena,Thysandrena,Andrena vierecki,https://teaswamp-creations.github.io/bee-book/bees/andrena_vierecki/,0
ANDRENIDAE,Andreninae,None,None,Andrena,Thysandrena,Andrena w-scripta,https://teaswamp-creations.github.io/bee-book/bees/andrena_w-scripta/,0
ANDRENIDAE,Andreninae,None,None,Andrena,Scaphandrena,Andrena walleyi,https://en.wikipedia.org/wiki/Andrena_walleyi,0
ANDRENIDAE,Andreninae,None,None,Andrena,Andrena,Andrena washingtoni,https://teaswamp-creations.github.io/bee-book/bees/andrena_washingtoni/,0
ANDRENIDAE,Andreninae,None,None,Andrena,Simandrena,Andrena wheeleri,https://en.wikipedia.org/wiki/Andrena_wheeleri,0
ANDRENIDAE,Panurginae,Calliopsini,None,Calliopsis,Nomadopsis,Calliopsis scitula,https://en.wikipedia.org/wiki/Calliopsis_scitula,0
ANDRENIDAE,Panurginae,Panurgini,None,Panurginus,None,Panurginus atriceps,https://teaswamp-creations.github.io/bee-book/bees/panurginus_atriceps/,0
ANDRENIDAE,Panurginae,Panurgini,None,Panurginus,None,Panurginus cressoniellus,https://en.wikipedia.org/wiki/Panurginus_cressoniellus,0
ANDRENIDAE,Panurginae,Panurgini,None,Panurginus,None,Panurginus ineptus,https://teaswamp-creations.github.io/bee-book/bees/panurginus_ineptus/,0
ANDRENIDAE,Panurginae,Perditini,None,Perdita,Perdita,Perdita fallax,https://en.wikipedia.org/wiki/Perdita_fallax,0
ANDRENIDAE,Panurginae,Perditini,None,Perdita,Pygoperdita,Perdita nevadensis,https://teaswamp-creations.github.io/bee-book/bees/perdita_nevadensis/,1
ANDRENIDAE,Panurginae,Protandrini,None,Pseudopanurgus,None,Pseudopanurgus didirupa,https://en.wikipedia.org/wiki/Pseudopanurgus_didirupa,0
APIDAE,Apinae,Anthophorini,None,Anthophora,Melea,Anthophora bomboides,https://teaswamp-creations.github.io/bee-book/bees/anthophora_bomboides/,39
APIDAE,Apinae,Anthophorini,None,Anthophora,Pyganthophora,Anthophora crotchii,https://en.wikipedia.org/wiki/Anthophora_crotchii,0
APIDAE,Apinae,Anthophorini,None,Anthophora,Pyganthophora,Anthophora edwardsii,https://teaswamp-creations.github.io/bee-book/bees/anthophora_edwardsii/,1
APIDAE,Apinae,Anthophorini,None,Anthophora,Melea,Anthophora occidentalis,https://teaswamp-creations.github.io/bee-book/bees/anthophora_occidentalis/,3
APIDAE,Apinae,Anthophorini,None,Anthophora,Lophanthophora,Anthophora pacifica,https://teaswamp-creations.github.io/bee-book/bees/anthophora_pacifica/,36
APIDAE,Apinae,Anthophorini,None,Anthophora,Micranthophora,Anthophora peritomae,https://en.wikipedia.org/wiki/Anthophora_peritomae,0
APIDAE,Apinae,Anthophorini,None,Anthophora,Lophanthophora,Anthophora porterae,https://teaswamp-creations.github.io/bee-book/bees/anthophora_porterae/,0
APIDAE,Apinae,Anthophorini,None,Anthophora,Clisodon,Anthophora terminalis,https://teaswamp-creations.github.io/bee-book/bees/anthophora_terminalis/,22
APIDAE,Apinae,Anthophorini,None,Anthophora,Mystacanthophora,Anthophora urbana,https://teaswamp-creations.github.io/bee-book/bees/anthophora_urbana/,4
APIDAE,Apinae,Anthophorini,None,Anthophora,Lophanthophora,Anthophora ursina,https://teaswamp-creations.github.io/bee-book/bees/anthophora_ursina/,0
APIDAE,Apinae,Apini,None,Apis,Apis,Apis mellifera,https://teaswamp-creations.github.io/bee-book/bees/apis_mellifera/,4690
APIDAE,Apinae,Bombini,None,Bombus,Bombus,Bombus accidentalus,https://en.wikipedia.org/wiki/Bombus_accidentalus,0
APIDAE,Apinae,Bombini,None,Bombus,Subterraneeobombus,Bombus appositus,https://teaswamp-creations.github.io/bee-book/bees/bombus_appositus/,195
APIDAE,Apinae,Bombini,None,Bombus,Pyrobombus,Bombus bifarius,https://en.wikipedia.org/wiki/Bombus_bifarius,0
APIDAE,Apinae,Bombini,None,Bombus,Psithyrus,Bombus bohemicus,https://en.wikipedia.org/wiki/Bombus_bohemicus,0
APIDAE,Apinae,Bombini,None,Bombus,Subterraneeobombus,Bombus borealis,https://teaswamp-creations.github.io/bee-book/bees/bombus_borealis/,5
APIDAE,Apinae,Bombini,None,Bombus,Pyrobombus,Bombus caliginosus,https://teaswamp-creations.github.io/bee-book/bees/bombus_caliginosus/,0
APIDAE,Apinae,Bombini,None,Bombus,Pyrobombus,Bombus centralis,https://teaswamp-creations.github.io/bee-book/bees/bombus_centralis/,201
APIDAE,Apinae,Bombini,None,Bombus,Bombus,Bombus cryptarum,https://www.inaturalist.org/observations/129085725,70
APIDAE,Apinae,Bombini,None,Bombus,Thoracobombus,Bombus fervidus,https://teaswamp-creations.github.io/bee-book/bees/bombus_fervidus/,40
APIDAE,Apinae,Bombini,None,Bombus,Psithyrus,Bombus flavidus,https://teaswamp-creations.github.io/bee-book/bees/bombus_flavidus/,145
APIDAE,Apinae,Bombini,None,Bombus,Pyrobombus,Bombus flavifrons,https://teaswamp-creations.github.io/bee-book/bees/bombus_flavifrons/,1860
APIDAE,Apinae,Bombini,None,Bombus,Pyrobombus,Bombus frigidus,https://teaswamp-creations.github.io/bee-book/bees/bombus_frigidus/,24
APIDAE,Apinae,Bombini,None,Bombus,Cullumanobombus,Bombus griseocollis,https://www.inaturalist.org/observations/185737130,73
APIDAE,Apinae,Bombini,None,Bombus,Pyrobombus,Bombus huntii,https://teaswamp-creations.github.io/bee-book/bees/bombus_huntii/,197
APIDAE,Apinae,Bombini,None,Bombus,Pyrobombus,Bombus impatiens,https://teaswamp-creations.github.io/bee-book/bees/bombus_impatiens/,2110
APIDAE,Apinae,Bombini,None,Bombus,Psithyrus,Bombus insularis,https://teaswamp-creations.github.io/bee-book/bees/bombus_insularis/,225
APIDAE,Apinae,Bombini,None,Bombus,Pyrobombus,Bombus jonellus,https://en.wikipedia.org/wiki/Bombus_jonellus,0
APIDAE,Apinae,Bombini,None,Bombus,Alpinobombus,Bombus kirbiellus,https://www.inaturalist.org/observations/176124747,12
APIDAE,Apinae,Bombini,None,Bombus,Pyrobombus,Bombus melanopygus,https://teaswamp-creations.github.io/bee-book/bees/bombus_melanopygus/,2481
APIDAE,Apinae,Bombini,None,Bombus,Pyrobombus,Bombus mixtus,https://teaswamp-creations.github.io/bee-book/bees/bombus_mixtus/,1854
APIDAE,Apinae,Bombini,None,Bombus,Cullumanobombus,Bombus morrisoni,https://teaswamp-creations.github.io/bee-book/bees/bombus_morrisoni/,0
APIDAE,Apinae,Bombini,None,Bombus,Alpinobombus,Bombus neoboreus,https://teaswamp-creations.github.io/bee-book/bees/bombus_neoboreus/,0
APIDAE,Apinae,Bombini,None,Bombus,Bombias,Bombus nevadensis,https://teaswamp-creations.github.io/bee-book/bees/bombus_nevadensis/,408
APIDAE,Apinae,Bombini,None,Bombus,Bombus,Bombus occidentalis,https://teaswamp-creations.github.io/bee-book/bees/bombus_occidentalis/,372
APIDAE,Apinae,Bombini,None,Bombus,Pyrobombus,Bombus perplexus,https://teaswamp-creations.github.io/bee-book/bees/bombus_perplexus/,35
APIDAE,Apinae,Bombini,None,Bombus,Alpinobombus,Bombus polaris,https://teaswamp-creations.github.io/bee-book/bees/bombus_polaris/,0
APIDAE,Apinae,Bombini,None,Bombus,Cullumanobombus,Bombus rufocinctus,https://teaswamp-creations.github.io/bee-book/bees/bombus_rufocinctus/,391
APIDAE,Apinae,Bombini,None,Bombus,Pyrobombus,Bombus sitkensis,https://teaswamp-creations.github.io/bee-book/bees/bombus_sitkensis/,523
APIDAE,Apinae,Bombini,None,Bombus,Psithyrus,Bombus suckleyi,https://teaswamp-creations.github.io/bee-book/bees/bombus_suckleyi/,1
APIDAE,Apinae,Bombini,None,Bombus,Pyrobombus,Bombus sylvicola,https://teaswamp-creations.github.io/bee-book/bees/bombus_sylvicola/,18
APIDAE,Apinae,Bombini,None,Bombus,Pyrobombus,Bombus ternarius,https://www.inaturalist.org/observations/182669917,158
APIDAE,Apinae,Bombini,None,Bombus,Bombus,Bombus terricola,https://teaswamp-creations.github.io/bee-book/bees/bombus_terricola/,141
APIDAE,Apinae,Bombini,None,Bombus,Pyrobombus,Bombus vagans,https://teaswamp-creations.github.io/bee-book/bees/bombus_vagans/,449
APIDAE,Apinae,Bombini,None,Bombus,Pyrobombus,Bombus vandykei,https://www.inaturalist.org/observations/168203013,3
APIDAE,Apinae,Bombini,None,Bombus,Pyrobombus,Bombus vosnesenskii,https://teaswamp-creations.github.io/bee-book/bees/bombus_vosnesenskii/,2232
APIDAE,Xylocopinae,Ceratinini,None,Ceratina,Zandontomerus,Ceratina acantha,https://teaswamp-creations.github.io/bee-book/bees/ceratina_acantha/,3
APIDAE,Xylocopinae,Ceratinini,None,Ceratina,Zandontomerus,Ceratina nanula,https://teaswamp-creations.github.io/bee-book/bees/ceratina_nanula/,0
APIDAE,Xylocopinae,Ceratinini,None,Ceratina,Zandontomerus,Ceratina pacifica,https://teaswamp-creations.github.io/bee-book/bees/ceratina_pacifica/,0
APIDAE,Nomadinae,Emphorini,None,Diadasia,None,Diadasia australis,https://www.inaturalist.org/observations/124500793,6
APIDAE,Nomadinae,Emphorini,None,Diadasia,None,Diadasia diminuta,https://www.inaturalist.org/observations/131737802,3
APIDAE,Nomadinae,Epeolini,None,Epeolus,None,Epeolus americanus,https://en.wikipedia.org/wiki/Epeolus_americanus,1
APIDAE,Nomadinae,Epeolini,None,Epeolus,None,Epeolus compactus,https://www.inaturalist.org/observations/168767169,1
APIDAE,Nomadinae,Epeolini,None,Epeolus,None,Epeolus minimus,https://teaswamp-creations.github.io/bee-book/bees/epeolus_minimus/,2
APIDAE,Nomadinae,Epeolini,None,Epeolus,None,Epeolus olympiellus,https://teaswamp-creations.github.io/bee-book/bees/epeolus_olympiellus/,26
APIDAE,Apinae,Eucerini,None,Eucera,Synhalonia,Eucera acerba,https://en.wikipedia.org/wiki/Eucera_acerba,0
APIDAE,Apinae,Eucerini,None,Eucera,Synhalonia,Eucera actuosa,https://teaswamp-creations.github.io/bee-book/bees/eucera_actuosa/,0
APIDAE,Apinae,Eucerini,None,Eucera,Synhalonia,Eucera cordleyi,https://teaswamp-creations.github.io/bee-book/bees/eucera_cordleyi/,1
APIDAE,Apinae,Eucerini,None,Eucera,Synhalonia,Eucera douglasiana,https://en.wikipedia.org/wiki/Eucera_douglasiana,0
APIDAE,Apinae,Eucerini,None,Eucera,Synhalonia,Eucera edwardsii,https://en.wikipedia.org/wiki/Eucera_edwardsii,1
APIDAE,Apinae,Eucerini,None,Eucera,Synhalonia,Eucera frater,https://en.wikipedia.org/wiki/Eucera_frater,0
APIDAE,Apinae,Eucerini,None,Eucera,Synhalonia,Eucera fulvitarsis,https://en.wikipedia.org/wiki/Eucera_fulvitarsis,0
APIDAE,Apinae,Eucerini,None,Eucera,Synhalonia,Eucera hirsutissima,https://teaswamp-creations.github.io/bee-book/bees/eucera_hirsutissima/,0
APIDAE,Apinae,Eucerini,None,Eucera,Synhalonia,Eucera hurdi,https://en.wikipedia.org/wiki/Eucera_hurdi,0
APIDAE,Apinae,Eucerini,None,Eucera,Synhalonia,Eucera virgata,https://en.wikipedia.org/wiki/Eucera_virgata,0
APIDAE,Apinae,Anthophorini,None,Habropoda,None,Habropoda cineraria,https://teaswamp-creations.github.io/bee-book/bees/habropoda_cineraria/,48
APIDAE,Apinae,Anthophorini,None,Habropoda,None,Habropoda miserabilis,https://teaswamp-creations.github.io/bee-book/bees/habropoda_miserabilis/,5
APIDAE,Apinae,Anthophorini,None,Habropoda,None,Habropoda murihirta,https://en.wikipedia.org/wiki/Habropoda_murihirta,0
APIDAE,Apinae,Melectini,None,Melecta,Melecta,Melecta pacifica,https://www.inaturalist.org/observations/104852513,2
APIDAE,Apinae,Melectini,None,Melecta,Melecta,Melecta separata,https://teaswamp-creations.github.io/bee-book/bees/melecta_separata/,62
APIDAE,Apinae,Melectini,None,Melecta,Melecta,Melecta thoracica,https://en.wikipedia.org/wiki/Melecta_thoracica,0
APIDAE,Apinae,Eucerini,None,Melissodes,Eumelissodes,Melissodes agilis,https://www.inaturalist.org/observations/172554707,1
APIDAE,Apinae,Eucerini,None,Melissodes,Eumelissodes,Melissodes bimatris,https://www.inaturalist.org/observations/184414204,4
APIDAE,Apinae,Eucerini,None,Melissodes,Melissodes,Melissodes communis,https://en.wikipedia.org/wiki/Melissodes_communis,0
APIDAE,Apinae,Eucerini,None,Melissodes,Eumelissodes,Melissodes lutulentus,https://en.wikipedia.org/wiki/Melissodes_lutulentus,0
APIDAE,Apinae,Eucerini,None,Melissodes,Eumelissodes,Melissodes menuachus,https://en.wikipedia.org/wiki/Melissodes_menuachus,0
APIDAE,Apinae,Eucerini,None,Melissodes,Eumelissodes,Melissodes microstictus,https://www.inaturalist.org/observations/182116511,99
APIDAE,Apinae,Eucerini,None,Melissodes,Eumelissodes,Melissodes pallidisignatus,https://en.wikipedia.org/wiki/Melissodes_pallidisignatus,0
APIDAE,Apinae,Eucerini,None,Melissodes,Heliomelissodes,Melissodes rivalis,https://teaswamp-creations.github.io/bee-book/bees/melissodes_rivalis/,1
APIDAE,Apinae,Eucerini,None,Melissodes,Eumelissodes,Melissodes saponellus,https://en.wikipedia.org/wiki/Melissodes_saponellus,0
APIDAE,Apinae,Eucerini,None,Melissodes,Eumelissodes,Melissodes semilupinus,https://en.wikipedia.org/wiki/Melissodes_semilupinus,0
APIDAE,Nomadinae,Biastini,None,Neopasites,None,Neopasites aff.,https://en.wikipedia.org/wiki/Neopasites_aff.,0
APIDAE,Nomadinae,Nomadini,None,Nomada,None,Nomada aldrichi,https://en.wikipedia.org/wiki/Nomada_aldrichi,0
APIDAE,Nomadinae,Nomadini,None,Nomada,None,Nomada articulata,https://en.wikipedia.org/wiki/Nomada_articulata,0
APIDAE,Nomadinae,Nomadini,None,Nomada,None,Nomada bella,https://teaswamp-creations.github.io/bee-book/bees/nomada_bella/,0
APIDAE,Nomadinae,Nomadini,None,Nomada,None,Nomada citrina,https://teaswamp-creations.github.io/bee-book/bees/nomada_citrina/,0
APIDAE,Nomadinae,Nomadini,None,Nomada,None,Nomada civilis,https://en.wikipedia.org/wiki/Nomada_civilis,0
APIDAE,Nomadinae,Nomadini,None,Nomada,None,Nomada corvallisensis,https://en.wikipedia.org/wiki/Nomada_corvallisensis,0
APIDAE,Nomadinae,Nomadini,None,Nomada,None,Nomada crotchii,https://teaswamp-creations.github.io/bee-book/bees/nomada_crotchii/,0
APIDAE,Nomadinae,Nomadini,None,Nomada,None,Nomada edwardsii,https://teaswamp-creations.github.io/bee-book/bees/nomada_edwardsii/,1
APIDAE,Nomadinae,Nomadini,None,Nomada,None,Nomada grayi,https://teaswamp-creations.github.io/bee-book/bees/nomada_grayi/,0
APIDAE,Nomadinae,Nomadini,None,Nomada,None,Nomada pascoensis,https://en.wikipedia.org/wiki/Nomada_pascoensis,0
APIDAE,Nomadinae,Nomadini,None,Nomada,None,Nomada perbella,https://teaswamp-creations.github.io/bee-book/bees/nomada_perbella/,0
APIDAE,Nomadinae,Nomadini,None,Nomada,None,Nomada rhodomelas,https://teaswamp-creations.github.io/bee-book/bees/nomada_rhodomelas/,0
APIDAE,Nomadinae,Nomadini,None,Nomada,None,Nomada sayi,https://en.wikipedia.org/wiki/Nomada_sayi,0
APIDAE,Nomadinae,Nomadini,None,Nomada,None,Nomada scita,https://en.wikipedia.org/wiki/Nomada_scita,0
APIDAE,Nomadinae,Nomadini,None,Nomada,None,Nomada superba,https://teaswamp-creations.github.io/bee-book/bees/nomada_superba/,1
APIDAE,Nomadinae,Nomadini,None,Nomada,None,Nomada texana,https://en.wikipedia.org/wiki/Nomada_texana,1
APIDAE,Nomadinae,Nomadini,None,Nomada,None,Nomada ultima,https://teaswamp-creations.github.io/bee-book/bees/nomada_ultima/,0
APIDAE,Nomadinae,Nomadini,None,Nomada,None,Nomada valida,https://en.wikipedia.org/wiki/Nomada_valida,0
APIDAE,Nomadinae,Nomadini,None,Nomada,None,Nomada vernonensis,https://en.wikipedia.org/wiki/Nomada_vernonensis,0
APIDAE,Nomadinae,Epeolini,None,Triepeolus,None,Triepeolus occidentalis,https://en.wikipedia.org/wiki/Triepeolus_occidentalis,0
APIDAE,Nomadinae,Epeolini,None,Triepeolus,None,Triepeolus paenepectoralis,https://teaswamp-creations.github.io/bee-book/bees/triepeolus_paenepectoralis/,8
APIDAE,Nomadinae,Epeolini,None,Triepeolus,None,Triepeolus subalpinus,https://teaswamp-creations.github.io/bee-book/bees/triepeolus_subalpinus/,0
APIDAE,Nomadinae,Epeolini,None,Triepeolus,None,Triepeolus texanus,https://en.wikipedia.org/wiki/Triepeolus_texanus,0
APIDAE,Apinae,Melectini,None,Xeromelecta,Melectomorpha,Xeromelecta californica,https://en.wikipedia.org/wiki/Xeromelecta_californica,0
COLLETIDAE,Colletinae,Colletini,None,Colletes,None,Colletes compactus,https://en.wikipedia.org/wiki/Colletes_compactus,0
COLLETIDAE,Colletinae,Colletini,None,Colletes,None,Colletes consors,https://en.wikipedia.org/wiki/Colletes_consors,0
COLLETIDAE,Colletinae,Colletini,None,Colletes,None,Colletes fulgidus,https://teaswamp-creations.github.io/bee-book/bees/colletes_fulgidus/,1
COLLETIDAE,Colletinae,Colletini,None,Colletes,None,Colletes gypsicolens,https://en.wikipedia.org/wiki/Colletes_gypsicolens,0
COLLETIDAE,Colletinae,Colletini,None,Colletes,None,Colletes hyalinus,https://en.wikipedia.org/wiki/Colletes_hyalinus,0
COLLETIDAE,Colletinae,Colletini,None,Colletes,None,Colletes impunctatus,https://en.wikipedia.org/wiki/Colletes_impunctatus,0
COLLETIDAE,Colletinae,Colletini,None,Colletes,None,Colletes kincaidii,https://teaswamp-creations.github.io/bee-book/bees/colletes_kincaidii/,1
COLLETIDAE,Colletinae,Colletini,None,Colletes,None,Colletes mandibularis,https://en.wikipedia.org/wiki/Colletes_mandibularis,0
COLLETIDAE,Colletinae,Colletini,None,Colletes,None,Colletes phaceliae,https://en.wikipedia.org/wiki/Colletes_phaceliae,0
COLLETIDAE,Colletinae,Colletini,None,Colletes,None,Colletes simulans,https://en.wikipedia.org/wiki/Colletes_simulans,0
COLLETIDAE,Colletinae,Colletini,None,Colletes,None,Colletes slevini,https://en.wikipedia.org/wiki/Colletes_slevini,0
COLLETIDAE,Hylaeinae,Colletini,None,Hylaeus,Prosopis,Hylaeus affinis,https://en.wikipedia.org/wiki/Hylaeus_affinis,0
COLLETIDAE,Hylaeinae,Colletini,None,Hylaeus,Hylaeus,Hylaeus annulatus,https://teaswamp-creations.github.io/bee-book/bees/hylaeus_annulatus/,5
COLLETIDAE,Hylaeinae,Colletini,None,Hylaeus,Cephalylaeus,Hylaeus basalis,https://teaswamp-creations.github.io/bee-book/bees/hylaeus_basalis/,1
COLLETIDAE,Hylaeinae,Colletini,None,Hylaeus,Pararosopis,Hylaeus coloradensis,https://en.wikipedia.org/wiki/Hylaeus_coloradensis,0
COLLETIDAE,Hylaeinae,Colletini,None,Hylaeus,Prosopis,Hylaeus episcipalis,https://en.wikipedia.org/wiki/Hylaeus_episcipalis,0
COLLETIDAE,Hylaeinae,Colletini,None,Hylaeus,Hylaeus,Hylaeus leptocephalus,https://en.wikipedia.org/wiki/Hylaeus_leptocephalus,0
COLLETIDAE,Hylaeinae,Colletini,None,Hylaeus,Hylaeus,Hylaeus mesillae,https://en.wikipedia.org/wiki/Hylaeus_mesillae,1
COLLETIDAE,Hylaeinae,Colletini,None,Hylaeus,Prosopis,Hylaeus modestus,https://teaswamp-creations.github.io/bee-book/bees/hylaeus_modestus/,0
COLLETIDAE,Hylaeinae,Colletini,None,Hylaeus,Paraprosopis,Hylaeus nevadensis,https://en.wikipedia.org/wiki/Hylaeus_nevadensis,0
COLLETIDAE,Hylaeinae,Colletini,None,Hylaeus,Hylaeus,Hylaeus rudbeckiae,https://teaswamp-creations.github.io/bee-book/bees/hylaeus_rudbeckiae/,0
COLLETIDAE,Hylaeinae,Colletini,None,Hylaeus,Hylaeus,Hylaeus verticalis,https://teaswamp-creations.github.io/bee-book/bees/hylaeus_verticalis/,0
COLLETIDAE,Hylaeinae,Colletini,None,Hylaeus,Paraprosopis,Hylaeus wootoni,https://en.wikipedia.org/wiki/Hylaeus_wootoni,0
HALICTIDAE,Halictinae,Halictini,None,Agapostemon,Agapostemon,Agapostemon femoratus,https://en.wikipedia.org/wiki/Agapostemon_femoratus,0
HALICTIDAE,Halictinae,Halictini,None,Agapostemon,Agapostemon,Agapostemon obliquus,https://teaswamp-creations.github.io/bee-book/bees/agapostemon_obliquus/,0
HALICTIDAE,Halictinae,Halictini,None,Agapostemon,Agapostemon,Agapostemon texanus,https://teaswamp-creations.github.io/bee-book/bees/agapostemon_texanus/,326
HALICTIDAE,Halictinae,Halictini,None,Agapostemon,Agapostemon,Agapostemon virescens,https://teaswamp-creations.github.io/bee-book/bees/agapostemon_virescens/,91
HALICTIDAE,Rophitinae,None,None,Dufourea,None,Dufourea dilatipes,https://en.wikipedia.org/wiki/Dufourea_dilatipes,1
HALICTIDAE,Rophitinae,None,None,Dufourea,None,Dufourea holocyanea,https://www.inaturalist.org/observations/168363124,4
HALICTIDAE,Rophitinae,None,None,Dufourea,None,Dufourea marginata,https://en.wikipedia.org/wiki/Dufourea_marginata,0
HALICTIDAE,Rophitinae,None,None,Dufourea,None,Dufourea maura,https://www.inaturalist.org/observations/126708532,4
HALICTIDAE,Rophitinae,None,None,Dufourea,None,Dufourea trochantera,https://www.inaturalist.org/observations/122246666,2
HALICTIDAE,Halictinae,Halictini,None,Halictus,Seladonia,Halictus confusus,https://teaswamp-creations.github.io/bee-book/bees/halictus_confusus/,22
HALICTIDAE,Halictinae,Halictini,None,Halictus,Nealictus,Halictus farinosus,https://www.inaturalist.org/observations/186933037,34
HALICTIDAE,Halictinae,Halictini,None,Halictus,Odontalictus,Halictus ligatus,https://teaswamp-creations.github.io/bee-book/bees/halictus_ligatus/,39
HALICTIDAE,Halictinae,Halictini,None,Halictus,Protohalictus,Halictus rubicundus,https://teaswamp-creations.github.io/bee-book/bees/halictus_rubicundus/,359
HALICTIDAE,Halictinae,Halictini,None,Halictus,Seladonia,Halictus tripartitus,https://teaswamp-creations.github.io/bee-book/bees/halictus_tripartitus/,6
HALICTIDAE,Halictinae,Halictini,None,Halictus,Seladonia,Halictus virgatellus,https://en.wikipedia.org/wiki/Halictus_virgatellus,0
HALICTIDAE,Halictinae,Halictini,None,Lasioglossum,Dialictus,Lasioglossum abundipunctum,https://teaswamp-creations.github.io/bee-book/bees/lasioglossum_abundipunctum/,0
HALICTIDAE,Halictinae,Halictini,None,Lasioglossum,Dialictus,Lasioglossum albipenne,https://teaswamp-creations.github.io/bee-book/bees/lasioglossum_albipenne/,0
HALICTIDAE,Halictinae,Halictini,None,Lasioglossum,Dialictus,Lasioglossum albohirtum,https://teaswamp-creations.github.io/bee-book/bees/lasioglossum_albohirtum/,0
HALICTIDAE,Halictinae,Halictini,None,Lasioglossum,Lasioglossum,Lasioglossum anhypops,https://teaswamp-creations.github.io/bee-book/bees/lasioglossum_anhypops/,0
HALICTIDAE,Halictinae,Halictini,None,Lasioglossum,Sphecodogastra,Lasioglossum arctoum,https://en.wikipedia.org/wiki/Lasioglossum_arctoum,0
HALICTIDAE,Halictinae,Halictini,None,Lasioglossum,Evylaeus,Lasioglossum argemonis,https://teaswamp-creations.github.io/bee-book/bees/lasioglossum_argemonis/,0
HALICTIDAE,Halictinae,Halictini,None,Lasioglossum,Lasioglossum,Lasioglossum athabascense,https://teaswamp-creations.github.io/bee-book/bees/lasioglossum_athabascense/,0
HALICTIDAE,Halictinae,Halictini,None,Lasioglossum,Sphecodogastra,Lasioglossum boreale,https://teaswamp-creations.github.io/bee-book/bees/lasioglossum_boreale/,0
HALICTIDAE,Halictinae,Halictini,None,Lasioglossum,Dialictus,Lasioglossum brunneiventre,https://teaswamp-creations.github.io/bee-book/bees/lasioglossum_brunneiventre/,0
HALICTIDAE,Halictinae,Halictini,None,Lasioglossum,Lasioglossum,Lasioglossum colatum,https://teaswamp-creations.github.io/bee-book/bees/lasioglossum_colatum/,0
HALICTIDAE,Halictinae,Halictini,None,Lasioglossum,Sphecodogastra,Lasioglossum comagenense,https://teaswamp-creations.github.io/bee-book/bees/lasioglossum_comagenense/,0
HALICTIDAE,Halictinae,Halictini,None,Lasioglossum,Sphecodogastra,Lasioglossum cooleyi,https://teaswamp-creations.github.io/bee-book/bees/lasioglossum_cooleyi/,0
HALICTIDAE,Halictinae,Halictini,None,Lasioglossum,Sphecodogastra,Lasioglossum cordleyi,https://teaswamp-creations.github.io/bee-book/bees/lasioglossum_cordleyi/,0
HALICTIDAE,Halictinae,Halictini,None,Lasioglossum,Dialictus,Lasioglossum cressonii,https://teaswamp-creations.github.io/bee-book/bees/lasioglossum_cressonii/,0
HALICTIDAE,Halictinae,Halictini,None,Lasioglossum,Dialictus,Lasioglossum dashwoodi,https://teaswamp-creations.github.io/bee-book/bees/lasioglossum_dashwoodi/,0
HALICTIDAE,Halictinae,Halictini,None,Lasioglossum,Hemihalictus,Lasioglossum diatretum,https://teaswamp-creations.github.io/bee-book/bees/lasioglossum_diatretum/,0
HALICTIDAE,Halictinae,Halictini,None,Lasioglossum,Lasioglossum,Lasioglossum egregium,https://teaswamp-creations.github.io/bee-book/bees/lasioglossum_egregium/,0
HALICTIDAE,Halictinae,Halictini,None,Lasioglossum,Hemihalictus,Lasioglossum glabriventre,https://en.wikipedia.org/wiki/Lasioglossum_glabriventre,0
HALICTIDAE,Halictinae,Halictini,None,Lasioglossum,Dialictus,Lasioglossum hyalinum,https://teaswamp-creations.github.io/bee-book/bees/lasioglossum_hyalinum/,0
HALICTIDAE,Halictinae,Halictini,None,Lasioglossum,Dialictus,Lasioglossum imbrex,https://en.wikipedia.org/wiki/Lasioglossum_imbrex,0
HALICTIDAE,Halictinae,Halictini,None,Lasioglossum,Dialictus,Lasioglossum incompletum,https://teaswamp-creations.github.io/bee-book/bees/lasioglossum_incompletum/,0
HALICTIDAE,Halictinae,Halictini,None,Lasioglossum,Hemihalictus,Lasioglossum inconditum,https://teaswamp-creations.github.io/bee-book/bees/lasioglossum_inconditum/,0
HALICTIDAE,Halictinae,Halictini,None,Lasioglossum,Hemihalictus,Lasioglossum kincaidii,https://en.wikipedia.org/wiki/Lasioglossum_kincaidii,0
HALICTIDAE,Halictinae,Halictini,None,Lasioglossum,Dialictus,Lasioglossum knereri,https://teaswamp-creations.github.io/bee-book/bees/lasioglossum_knereri/,0
HALICTIDAE,Halictinae,Halictini,None,Lasioglossum,Dialictus,Lasioglossum laevissimum,https://teaswamp-creations.github.io/bee-book/bees/lasioglossum_laevissimum/,0
HALICTIDAE,Halictinae,Halictini,None,Lasioglossum,Dialictus,Lasioglossum lilliputense,https://en.wikipedia.org/wiki/Lasioglossum_lilliputense,0
HALICTIDAE,Halictinae,Halictini,None,Lasioglossum,Hemihalictus,Lasioglossum macoupinense,https://teaswamp-creations.github.io/bee-book/bees/lasioglossum_macoupinense/,0
HALICTIDAE,Halictinae,Halictini,None,Lasioglossum,Dialictus,Lasioglossum macroprosopum,https://en.wikipedia.org/wiki/Lasioglossum_macroprosopum,0
HALICTIDAE,Halictinae,Halictini,None,Lasioglossum,Dialictus,Lasioglossum marinense,https://teaswamp-creations.github.io/bee-book/bees/lasioglossum_marinense/,1
HALICTIDAE,Halictinae,Halictini,None,Lasioglossum,Lasioglossum,Lasioglossum mellipes,https://teaswamp-creations.github.io/bee-book/bees/lasioglossum_mellipes/,0
HALICTIDAE,Halictinae,Halictini,None,Lasioglossum,Dialictus,Lasioglossum nevadense,https://teaswamp-creations.github.io/bee-book/bees/lasioglossum_nevadense/,0
HALICTIDAE,Halictinae,Halictini,None,Lasioglossum,Dialictus,Lasioglossum nigroviride,https://en.wikipedia.org/wiki/Lasioglossum_nigroviride,0
HALICTIDAE,Halictinae,Halictini,None,Lasioglossum,Sphecodogastra,Lasioglossum nigrum,https://teaswamp-creations.github.io/bee-book/bees/lasioglossum_nigrum/,0
HALICTIDAE,Halictinae,Halictini,None,Lasioglossum,Dialictus,Lasioglossum novascotiae,https://teaswamp-creations.github.io/bee-book/bees/lasioglossum_novascotiae/,0
HALICTIDAE,Halictinae,Halictini,None,Lasioglossum,Dialictus,Lasioglossum obnubilum,https://en.wikipedia.org/wiki/Lasioglossum_obnubilum,0
HALICTIDAE,Halictinae,Halictini,None,Lasioglossum,Lasioglossum,Lasioglossum olympiae,https://teaswamp-creations.github.io/bee-book/bees/lasioglossum_olympiae/,0
HALICTIDAE,Halictinae,Halictini,None,Lasioglossum,Hemihalictus,Lasioglossum ovaliceps,https://teaswamp-creations.github.io/bee-book/bees/lasioglossum_ovaliceps/,20
HALICTIDAE,Halictinae,Halictini,None,Lasioglossum,Dialictus,Lasioglossum pacatum,https://teaswamp-creations.github.io/bee-book/bees/lasioglossum_pacatum/,0
HALICTIDAE,Halictinae,Halictini,None,Lasioglossum,Lasioglossum,Lasioglossum pacificum,https://teaswamp-creations.github.io/bee-book/bees/lasioglossum_pacificum/,0
HALICTIDAE,Halictinae,Halictini,None,Lasioglossum,Hemihalictus,Lasioglossum pectoraloides,https://en.wikipedia.org/wiki/Lasioglossum_pectoraloides,0
HALICTIDAE,Halictinae,Halictini,None,Lasioglossum,Dialictus,Lasioglossum planatum,https://teaswamp-creations.github.io/bee-book/bees/lasioglossum_planatum/,0
HALICTIDAE,Halictinae,Halictini,None,Lasioglossum,Dialictus,Lasioglossum prasinogaster,https://en.wikipedia.org/wiki/Lasioglossum_prasinogaster,0
HALICTIDAE,Halictinae,Halictini,None,Lasioglossum,Dialictus,Lasioglossum pruinosum,https://teaswamp-creations.github.io/bee-book/bees/lasioglossum_pruinosum/,0
HALICTIDAE,Halictinae,Halictini,None,Lasioglossum,Dialictus,Lasioglossum punctatoventre,https://en.wikipedia.org/wiki/Lasioglossum_punctatoventre,0
HALICTIDAE,Halictinae,Halictini,None,Lasioglossum,Sphecodogastra,Lasioglossum quebecense,https://teaswamp-creations.github.io/bee-book/bees/lasioglossum_quebecense/,0
HALICTIDAE,Halictinae,Halictini,None,Lasioglossum,Dialictus,Lasioglossum reasbeckae,https://teaswamp-creations.github.io/bee-book/bees/lasioglossum_reasbeckae/,0
HALICTIDAE,Halictinae,Halictini,None,Lasioglossum,Dialictus,Lasioglossum ruidosense,https://teaswamp-creations.github.io/bee-book/bees/lasioglossum_ruidosense/,0
HALICTIDAE,Halictinae,Halictini,None,Lasioglossum,Dialictus,Lasioglossum sagax,https://en.wikipedia.org/wiki/Lasioglossum_sagax,0
HALICTIDAE,Halictinae,Halictini,None,Lasioglossum,Dialictus,Lasioglossum sandhousiellum,https://teaswamp-creations.github.io/bee-book/bees/lasioglossum_sandhousiellum/,0
HALICTIDAE,Halictinae,Halictini,None,Lasioglossum,Dialictus,Lasioglossum sedi,https://teaswamp-creations.github.io/bee-book/bees/lasioglossum_sedi/,0
HALICTIDAE,Halictinae,Halictini,None,Lasioglossum,Lasioglossum,Lasioglossum sisymbrii,https://teaswamp-creations.github.io/bee-book/bees/lasioglossum_sisymbrii/,6
HALICTIDAE,Halictinae,Halictini,None,Lasioglossum,Dialictus,Lasioglossum subversans,https://teaswamp-creations.github.io/bee-book/bees/lasioglossum_subversans/,0
HALICTIDAE,Halictinae,Halictini,None,Lasioglossum,Dialictus,Lasioglossum tenax,https://en.wikipedia.org/wiki/Lasioglossum_tenax,0
HALICTIDAE,Halictinae,Halictini,None,Lasioglossum,Dialictus,Lasioglossum testaceum,https://en.wikipedia.org/wiki/Lasioglossum_testaceum,0
HALICTIDAE,Halictinae,Halictini,None,Lasioglossum,Lasioglossum,Lasioglossum titusi,https://teaswamp-creations.github.io/bee-book/bees/lasioglossum_titusi/,0
HALICTIDAE,Halictinae,Halictini,None,Lasioglossum,Lasioglossum,Lasioglossum trizonatum,https://teaswamp-creations.github.io/bee-book/bees/lasioglossum_trizonatum/,0
HALICTIDAE,Halictinae,Halictini,None,Lasioglossum,Dialictus,Lasioglossum tuolumnense,https://en.wikipedia.org/wiki/Lasioglossum_tuolumnense,0
HALICTIDAE,Halictinae,Halictini,None,Lasioglossum,Dialictus,Lasioglossum yukonae,https://teaswamp-creations.github.io/bee-book/bees/lasioglossum_yukonae/,0
HALICTIDAE,Halictinae,Halictini,None,Lasioglossum,Leuchalictus,Lasioglossum zonulum,https://teaswamp-creations.github.io/bee-book/bees/lasioglossum_zonulum/,0
HALICTIDAE,Nomiinae,None,None,Nomia,Acunomia,Nomia melanderi,https://en.wikipedia.org/wiki/Nomia_melanderi,0
HALICTIDAE,Halictinae,Halictini,None,Sphecodes,Sphecodes,Sphecodes arvensiformis,https://teaswamp-creations.github.io/bee-book/bees/sphecodes_arvensiformis/,0
HALICTIDAE,Halictinae,Halictini,None,Sphecodes,Sphecodes,Sphecodes clematidis,https://teaswamp-creations.github.io/bee-book/bees/sphecodes_clematidis/,0
HALICTIDAE,Halictinae,Halictini,None,Sphecodes,Sphecodes,Sphecodes pecosensis,https://teaswamp-creations.github.io/bee-book/bees/sphecodes_pecosensis/,0
HALICTIDAE,Halictinae,Halictini,None,Sphecodes,Sphecodes,Sphecodes prosphorus,https://en.wikipedia.org/wiki/Sphecodes_prosphorus,0
HALICTIDAE,Halictinae,Halictini,None,Sphecodes,Sphecodes,Sphecodes solonis,https://en.wikipedia.org/wiki/Sphecodes_solonis,0
MEGACHILIDAE,Megachilinae,Osmiini,None,Anthidiellum,Loyolanthidium,Anthidiellum robertsoni,https://en.wikipedia.org/wiki/Anthidiellum_robertsoni,0
MEGACHILIDAE,Megachilinae,Osmiini,None,Anthidium,Anthidium,Anthidium atrifrons,https://en.wikipedia.org/wiki/Anthidium_atrifrons,0
MEGACHILIDAE,Megachilinae,Osmiini,None,Anthidium,Anthidium,Anthidium clypeodentatum,https://en.wikipedia.org/wiki/Anthidium_clypeodentatum,0
MEGACHILIDAE,Megachilinae,Osmiini,None,Anthidium,Anthidium,Anthidium emarginatum,https://en.wikipedia.org/wiki/Anthidium_emarginatum,0
MEGACHILIDAE,Megachilinae,Osmiini,None,Anthidium,Anthidium,Anthidium formosum,https://en.wikipedia.org/wiki/Anthidium_formosum,0
MEGACHILIDAE,Megachilinae,Osmiini,None,Anthidium,Anthidium,Anthidium manicatum,https://teaswamp-creations.github.io/bee-book/bees/anthidium_manicatum/,429
MEGACHILIDAE,Megachilinae,Osmiini,None,Anthidium,Anthidium,Anthidium mormonum,https://teaswamp-creations.github.io/bee-book/bees/anthidium_mormonum/,0
MEGACHILIDAE,Megachilinae,Osmiini,None,Anthidium,Anthidium,Anthidium palliventre,https://en.wikipedia.org/wiki/Anthidium_palliventre,0
MEGACHILIDAE,Megachilinae,Osmiini,None,Anthidium,Anthidium,Anthidium psoraleae,https://en.wikipedia.org/wiki/Anthidium_psoraleae,0
MEGACHILIDAE,Megachilinae,Osmiini,None,Anthidium,Anthidium,Anthidium tenuiflorae,https://en.wikipedia.org/wiki/Anthidium_tenuiflorae,0
MEGACHILIDAE,Megachilinae,Osmiini,None,Anthidium,Anthidium,Anthidium utahense,https://en.wikipedia.org/wiki/Anthidium_utahense,0
MEGACHILIDAE,Megachilinae,Osmiini,None,Ashmeadiella,Asheadiella,Ashmeadiella bucconis,https://en.wikipedia.org/wiki/Ashmeadiella_bucconis,0
MEGACHILIDAE,Megachilinae,Osmiini,None,Ashmeadiella,Asheadiella,Ashmeadiella cactorum,https://en.wikipedia.org/wiki/Ashmeadiella_cactorum,0
MEGACHILIDAE,Megachilinae,Osmiini,None,Ashmeadiella,Asheadiella,Ashmeadiella californica,https://en.wikipedia.org/wiki/Ashmeadiella_californica,0
MEGACHILIDAE,Megachilinae,Osmiini,None,Ashmeadiella,Asheadiella,Ashmeadiella cubiceps,https://en.wikipedia.org/wiki/Ashmeadiella_cubiceps,0
MEGACHILIDAE,Megachilinae,Osmiini,None,Atoposmia,Atoposmia,Atoposmia abjecta,https://en.wikipedia.org/wiki/Atoposmia_abjecta,0
MEGACHILIDAE,Megachilinae,Osmiini,None,Atoposmia,Hexosmia,Atoposmia copelandica,https://en.wikipedia.org/wiki/Atoposmia_copelandica,0
MEGACHILIDAE,Megachilinae,Osmiini,None,Chelostoma,Foveosmia,Chelostoma minutum,https://en.wikipedia.org/wiki/Chelostoma_minutum,0
MEGACHILIDAE,Megachilinae,Osmiini,None,Chelostoma,Foveosmia,Chelostoma phaceliae,https://en.wikipedia.org/wiki/Chelostoma_phaceliae,0
MEGACHILIDAE,Megachilinae,Megachilini,None,Coelioxys,Synocoelioxys,Coelioxys alternata,https://teaswamp-creations.github.io/bee-book/bees/coelioxys_alternata/,0
MEGACHILIDAE,Megachilinae,Megachilini,None,Coelioxys,Synocoelioxys,Coelioxys apacheorum,https://teaswamp-creations.github.io/bee-book/bees/coelioxys_apacheorum/,0
MEGACHILIDAE,Megachilinae,Megachilini,None,Coelioxys,Boreocoelioxys,Coelioxys banksi,https://teaswamp-creations.github.io/bee-book/bees/coelioxys_banksi/,0
MEGACHILIDAE,Megachilinae,Megachilini,None,Coelioxys,Cyrtocoelioxys,Coelioxys deani,https://en.wikipedia.org/wiki/Coelioxys_deani,0
MEGACHILIDAE,Megachilinae,Megachilini,None,Coelioxys,Xerocoelioxys,Coelioxys edita,https://en.wikipedia.org/wiki/Coelioxys_edita,0
MEGACHILIDAE,Megachilinae,Megachilini,None,Coelioxys,Synocoelioxys,Coelioxys erysimi,https://en.wikipedia.org/wiki/Coelioxys_erysimi,0
MEGACHILIDAE,Megachilinae,Megachilini,None,Coelioxys,Boreocoelioxys,Coelioxys funeraria,https://teaswamp-creations.github.io/bee-book/bees/coelioxys_funeraria/,0
MEGACHILIDAE,Megachilinae,Megachilini,None,Coelioxys,Xerocoelioxys,Coelioxys grindeliae,https://teaswamp-creations.github.io/bee-book/bees/coelioxys_grindeliae/,0
MEGACHILIDAE,Megachilinae,Megachilini,None,Coelioxys,Coelioxys,Coelioxys hirsutissima,https://en.wikipedia.org/wiki/Coelioxys_hirsutissima,0
MEGACHILIDAE,Megachilinae,Megachilini,None,Coelioxys,Boreocoelioxys,Coelioxys moesta,https://teaswamp-creations.github.io/bee-book/bees/coelioxys_moesta/,0
MEGACHILIDAE,Megachilinae,Megachilini,None,Coelioxys,Boreocoelioxys,Coelioxys novomexicana,https://en.wikipedia.org/wiki/Coelioxys_novomexicana,0
MEGACHILIDAE,Megachilinae,Megachilini,None,Coelioxys,Boreocoelioxys,Coelioxys octodentata,https://en.wikipedia.org/wiki/Coelioxys_octodentata,0
MEGACHILIDAE,Megachilinae,Megachilini,None,Coelioxys,Boreocoelioxys,Coelioxys porterae,https://teaswamp-creations.github.io/bee-book/bees/coelioxys_porterae/,0
MEGACHILIDAE,Megachilinae,Megachilini,None,Coelioxys,Boreocoelioxys,Coelioxys rufitarsis,https://teaswamp-creations.github.io/bee-book/bees/coelioxys_rufitarsis/,47
MEGACHILIDAE,Megachilinae,Megachilini,None,Coelioxys,Boreocoelioxys,Coelioxys sayi,https://en.wikipedia.org/wiki/Coelioxys_sayi,0
MEGACHILIDAE,Megachilinae,Megachilini,None,Coelioxys,Coelioxys,Coelioxys sodalis,https://teaswamp-creations.github.io/bee-book/bees/coelioxys_sodalis/,0
MEGACHILIDAE,Megachilinae,Osmiini,None,Dianthidium,Dianthidium,Dianthidium curvatum,https://en.wikipedia.org/wiki/Dianthidium_curvatum,0
MEGACHILIDAE,Megachilinae,Osmiini,None,Dianthidium,Dianthidium,Dianthidium plenum,https://en.wikipedia.org/wiki/Dianthidium_plenum,0
MEGACHILIDAE,Megachilinae,Osmiini,None,Dianthidium,Dianthidium,Dianthidium pudicum,https://teaswamp-creations.github.io/bee-book/bees/dianthidium_pudicum/,0
MEGACHILIDAE,Megachilinae,Osmiini,None,Dianthidium,Dianthidium,Dianthidium singulare,https://en.wikipedia.org/wiki/Dianthidium_singulare,0
MEGACHILIDAE,Megachilinae,Osmiini,None,Dianthidium,Dianthidium,Dianthidium subparvum,https://teaswamp-creations.github.io/bee-book/bees/dianthidium_subparvum/,154
MEGACHILIDAE,Megachilinae,Osmiini,None,Dianthidium,Dianthidium,Dianthidium ulkei,https://en.wikipedia.org/wiki/Dianthidium_ulkei,0
MEGACHILIDAE,Megachilinae,Dioxyini,None,Dioxys,Stelis,Dioxys pomonae,https://en.wikipedia.org/wiki/Dioxys_pomonae,0
MEGACHILIDAE,Megachilinae,Osmiini,None,Heriades,Neotrypetes,Heriades carinata,https://en.wikipedia.org/wiki/Heriades_carinata,0
MEGACHILIDAE,Megachilinae,Osmiini,None,Heriades,Neotrypetes,Heriades cressoni,https://en.wikipedia.org/wiki/Heriades_cressoni,0
MEGACHILIDAE,Megachilinae,Osmiini,None,Heriades,Neotrypetes,Heriades variolosa,https://en.wikipedia.org/wiki/Heriades_variolosa,0
MEGACHILIDAE,Megachilinae,Osmiini,None,Hoplitis,Alcidamea,Hoplitis albifrons,https://teaswamp-creations.github.io/bee-book/bees/hoplitis_albifrons/,5
MEGACHILIDAE,Megachilinae,Osmiini,None,Hoplitis,Alcidamea,Hoplitis fulgida,https://teaswamp-creations.github.io/bee-book/bees/hoplitis_fulgida/,4
MEGACHILIDAE,Megachilinae,Osmiini,None,Hoplitis,Alcidamea,Hoplitis grinnelli,https://en.wikipedia.org/wiki/Hoplitis_grinnelli,0
MEGACHILIDAE,Megachilinae,Osmiini,None,Hoplitis,Alcidamea,Hoplitis hypocrita,https://teaswamp-creations.github.io/bee-book/bees/hoplitis_hypocrita/,0
MEGACHILIDAE,Megachilinae,Osmiini,None,Hoplitis,Alcidamea,Hoplitis louisae,https://teaswamp-creations.github.io/bee-book/bees/hoplitis_louisae/,0
MEGACHILIDAE,Megachilinae,Osmiini,None,Hoplitis,Alcidamea,Hoplitis producta,https://teaswamp-creations.github.io/bee-book/bees/hoplitis_producta/,1
MEGACHILIDAE,Megachilinae,Osmiini,None,Hoplitis,Formicapis,Hoplitis robusta,https://en.wikipedia.org/wiki/Hoplitis_robusta,0
MEGACHILIDAE,Megachilinae,Osmiini,None,Hoplitis,Alcidamea,Hoplitis sambuci,https://teaswamp-creations.github.io/bee-book/bees/hoplitis_sambuci/,0
MEGACHILIDAE,Megachilinae,Osmiini,None,Hoplitis,Alcidamea,Hoplitis spoliata,https://en.wikipedia.org/wiki/Hoplitis_spoliata,0
MEGACHILIDAE,Megachilinae,Megachilini,None,Megachile,Chelostomoides,Megachile angelarum,https://teaswamp-creations.github.io/bee-book/bees/megachile_angelarum/,4
MEGACHILIDAE,Megachilinae,Megachilini,None,Megachile,Eutricharaea,Megachile apicalis,https://teaswamp-creations.github.io/bee-book/bees/megachile_apicalis/,4
MEGACHILIDAE,Megachilinae,Megachilini,None,Megachile,Litomegachile,Megachile brevis,https://en.wikipedia.org/wiki/Megachile_brevis,0
MEGACHILIDAE,Megachilinae,Megachilini,None,Megachile,Megachile,Megachile centuncularis,https://teaswamp-creations.github.io/bee-book/bees/megachile_centuncularis/,0
MEGACHILIDAE,Megachilinae,Megachilini,None,Megachile,Xanthosarus,Megachile circumcincta,https://teaswamp-creations.github.io/bee-book/bees/megachile_circumcincta/,0
MEGACHILIDAE,Megachilinae,Megachilini,None,Megachile,Litomegachile,Megachile cleomis,https://en.wikipedia.org/wiki/Megachile_cleomis,0
MEGACHILIDAE,Megachilinae,Megachilini,None,Megachile,Litomegachile,Megachile coquilletti,https://en.wikipedia.org/wiki/Megachile_coquilletti,0
MEGACHILIDAE,Megachilinae,Megachilini,None,Megachile,Sayapis,Megachile fidelis,https://teaswamp-creations.github.io/bee-book/bees/megachile_fidelis/,48
MEGACHILIDAE,Megachilinae,Megachilini,None,Megachile,Xanthosarus,Megachile frigida,https://teaswamp-creations.github.io/bee-book/bees/megachile_frigida/,3
MEGACHILIDAE,Megachilinae,Megachilini,None,Megachile,Xanthosarus,Megachile gemula,https://teaswamp-creations.github.io/bee-book/bees/megachile_gemula/,0
MEGACHILIDAE,Megachilinae,Megachilini,None,Megachile,Litomegachile,Megachile gentilis,https://teaswamp-creations.github.io/bee-book/bees/megachile_gentilis/,0
MEGACHILIDAE,Megachilinae,Megachilini,None,Megachile,Megachile,Megachile inermis,https://teaswamp-creations.github.io/bee-book/bees/megachile_inermis/,4
MEGACHILIDAE,Megachilinae,Megachilini,None,Megachile,Megachile,Megachile lapponica,https://teaswamp-creations.github.io/bee-book/bees/megachile_lapponica/,0
MEGACHILIDAE,Megachilinae,Megachilini,None,Megachile,Litomegachile,Megachile lippiae,https://en.wikipedia.org/wiki/Megachile_lippiae,0
MEGACHILIDAE,Megachilinae,Megachilini,None,Megachile,Xanthosarus,Megachile melanophaea,https://teaswamp-creations.github.io/bee-book/bees/megachile_melanophaea/,113
MEGACHILIDAE,Megachilinae,Megachilini,None,Megachile,Sayapis,Megachile mellitarsis,https://en.wikipedia.org/wiki/Megachile_mellitarsis,0
MEGACHILIDAE,Megachilinae,Megachilini,None,Megachile,Litomegachile,Megachile mendica,https://teaswamp-creations.github.io/bee-book/bees/megachile_mendica/,0
MEGACHILIDAE,Megachilinae,Megachilini,None,Megachile,Megachile,Megachile montivaga,https://teaswamp-creations.github.io/bee-book/bees/megachile_montivaga/,2
MEGACHILIDAE,Megachilinae,Megachilini,None,Megachile,Litomegachile,Megachile onobrychidis,https://en.wikipedia.org/wiki/Megachile_onobrychidis,0
MEGACHILIDAE,Megachilinae,Megachilini,None,Megachile,Argyropile,Megachile parallela,https://teaswamp-creations.github.io/bee-book/bees/megachile_parallela/,0
MEGACHILIDAE,Megachilinae,Megachilini,None,Megachile,Xanthosarus,Megachile perihirta,https://teaswamp-creations.github.io/bee-book/bees/megachile_perihirta/,447
MEGACHILIDAE,Megachilinae,Megachilini,None,Megachile,Sayapis,Megachile pugnata,https://teaswamp-creations.github.io/bee-book/bees/megachile_pugnata/,14
MEGACHILIDAE,Megachilinae,Megachilini,None,Megachile,Megachile,Megachile relativa,https://teaswamp-creations.github.io/bee-book/bees/megachile_relativa/,7
MEGACHILIDAE,Megachilinae,Megachilini,None,Megachile,Eutricharaea,Megachile rotundata,https://teaswamp-creations.github.io/bee-book/bees/megachile_rotundata/,22
MEGACHILIDAE,Megachilinae,Megachilini,None,Megachile,Litomegachile,Megachile snowi,https://en.wikipedia.org/wiki/Megachile_snowi,0
MEGACHILIDAE,Megachilinae,Megachilini,None,Megachile,Megachiloides,Megachile subnigra,https://en.wikipedia.org/wiki/Megachile_subnigra,0
MEGACHILIDAE,Megachilinae,Megachilini,None,Megachile,Litomegachile,Megachile texana,https://teaswamp-creations.github.io/bee-book/bees/megachile_texana/,0
MEGACHILIDAE,Megachilinae,Megachilini,None,Megachile,Megachiloides,Megachile umatillensis,https://en.wikipedia.org/wiki/Megachile_umatillensis,0
MEGACHILIDAE,Megachilinae,Megachilini,None,Megachile,Megachiloides,Megachile wheeleri,https://en.wikipedia.org/wiki/Megachile_wheeleri,0
MEGACHILIDAE,Megachilinae,Osmiini,None,Osmia,Melanosmia,Osmia albolateralis,https://teaswamp-creations.github.io/bee-book/bees/osmia_albolateralis/,0
MEGACHILIDAE,Megachilinae,Osmiini,None,Osmia,Melanosmia,Osmia aquilonaria,https://en.wikipedia.org/wiki/Osmia_aquilonaria,0
MEGACHILIDAE,Megachilinae,Osmiini,None,Osmia,Melanosmia,Osmia atriventris,https://en.wikipedia.org/wiki/Osmia_atriventris,0
MEGACHILIDAE,Megachilinae,Osmiini,None,Osmia,Melanosmia,Osmia atrocyanea,https://en.wikipedia.org/wiki/Osmia_atrocyanea,0
MEGACHILIDAE,Megachilinae,Osmiini,None,Osmia,Melanosmia,Osmia austromaritima,https://en.wikipedia.org/wiki/Osmia_austromaritima,0
MEGACHILIDAE,Megachilinae,Osmiini,None,Osmia,Melanosmia,Osmia bella,https://teaswamp-creations.github.io/bee-book/bees/osmia_bella/,0
MEGACHILIDAE,Megachilinae,Osmiini,None,Osmia,Melanosmia,Osmia brevis,https://teaswamp-creations.github.io/bee-book/bees/osmia_brevis/,0
MEGACHILIDAE,Megachilinae,Osmiini,None,Osmia,Melanosmia,Osmia bruneri,https://en.wikipedia.org/wiki/Osmia_bruneri,0
MEGACHILIDAE,Megachilinae,Osmiini,None,Osmia,Melanosmia,Osmia bucephala,https://teaswamp-creations.github.io/bee-book/bees/osmia_bucephala/,2
MEGACHILIDAE,Megachilinae,Osmiini,None,Osmia,Helicosmia,Osmia caerulescens,https://teaswamp-creations.github.io/bee-book/bees/osmia_caerulescens/,3
MEGACHILIDAE,Megachilinae,Osmiini,None,Osmia,Cephalosmia,Osmia californica,https://en.wikipedia.org/wiki/Osmia_californica,0
MEGACHILIDAE,Megachilinae,Osmiini,None,Osmia,Melanosmia,Osmia calla,https://en.wikipedia.org/wiki/Osmia_calla,0
MEGACHILIDAE,Megachilinae,Osmiini,None,Osmia,Melanosmia,Osmia cobaltina,https://en.wikipedia.org/wiki/Osmia_cobaltina,0
MEGACHILIDAE,Megachilinae,Osmiini,None,Osmia,Helicosmia,Osmia coloradensis,https://teaswamp-creations.github.io/bee-book/bees/osmia_coloradensis/,4
MEGACHILIDAE,Megachilinae,Osmiini,None,Osmia,Melanosmia,Osmia cyanella,https://teaswamp-creations.github.io/bee-book/bees/osmia_cyanella/,0
MEGACHILIDAE,Megachilinae,Osmiini,None,Osmia,Melanosmia,Osmia cyaneonitens,https://en.wikipedia.org/wiki/Osmia_cyaneonitens,0
MEGACHILIDAE,Megachilinae,Osmiini,None,Osmia,Melanosmia,Osmia densa,https://teaswamp-creations.github.io/bee-book/bees/osmia_densa/,0
MEGACHILIDAE,Megachilinae,Osmiini,None,Osmia,Melanosmia,Osmia dolerosa,https://teaswamp-creations.github.io/bee-book/bees/osmia_dolerosa/,0
MEGACHILIDAE,Megachilinae,Osmiini,None,Osmia,Melanosmia,Osmia ednae,https://en.wikipedia.org/wiki/Osmia_ednae,0
MEGACHILIDAE,Megachilinae,Osmiini,None,Osmia,Melanosmia,Osmia enixa,https://en.wikipedia.org/wiki/Osmia_enixa,0
MEGACHILIDAE,Megachilinae,Osmiini,None,Osmia,Melanosmia,Osmia exigua,https://en.wikipedia.org/wiki/Osmia_exigua,0
MEGACHILIDAE,Megachilinae,Osmiini,None,Osmia,Melanosmia,Osmia giliarum,https://teaswamp-creations.github.io/bee-book/bees/osmia_giliarum/,0
MEGACHILIDAE,Megachilinae,Osmiini,None,Osmia,Melanosmia,Osmia inermis,https://en.wikipedia.org/wiki/Osmia_inermis,0
MEGACHILIDAE,Megachilinae,Osmiini,None,Osmia,Melanosmia,Osmia integra,https://en.wikipedia.org/wiki/Osmia_integra,0
MEGACHILIDAE,Megachilinae,Osmiini,None,Osmia,Melanosmia,Osmia inurbana,https://teaswamp-creations.github.io/bee-book/bees/osmia_inurbana/,0
MEGACHILIDAE,Megachilinae,Osmiini,None,Osmia,Melanosmia,Osmia juxta,https://teaswamp-creations.github.io/bee-book/bees/osmia_juxta/,0
MEGACHILIDAE,Megachilinae,Osmiini,None,Osmia,Melanosmia,Osmia kincaidii,https://teaswamp-creations.github.io/bee-book/bees/osmia_kincaidii/,0
MEGACHILIDAE,Megachilinae,Osmiini,None,Osmia,Melanosmia,Osmia laeta,https://en.wikipedia.org/wiki/Osmia_laeta,0
MEGACHILIDAE,Megachilinae,Osmiini,None,Osmia,Melanosmia,Osmia lignaria,https://teaswamp-creations.github.io/bee-book/bees/osmia_lignaria/,384
MEGACHILIDAE,Megachilinae,Osmiini,None,Osmia,Melanosmia,Osmia longula,https://teaswamp-creations.github.io/bee-book/bees/osmia_longula/,0
MEGACHILIDAE,Megachilinae,Osmiini,None,Osmia,Melanosmia,Osmia malina,https://teaswamp-creations.github.io/bee-book/bees/osmia_malina/,0
MEGACHILIDAE,Megachilinae,Osmiini,None,Osmia,Cephalosmia,Osmia marginipennis,https://en.wikipedia.org/wiki/Osmia_marginipennis,0
MEGACHILIDAE,Megachilinae,Osmiini,None,Osmia,Melanosmia,Osmia melanopleura,https://en.wikipedia.org/wiki/Osmia_melanopleura,0
MEGACHILIDAE,Megachilinae,Osmiini,None,Osmia,Melanosmia,Osmia mertensiae,https://teaswamp-creations.github.io/bee-book/bees/osmia_mertensiae/,0
MEGACHILIDAE,Megachilinae,Osmiini,None,Osmia,Cephalosmia,Osmia montana,https://teaswamp-creations.github.io/bee-book/bees/osmia_montana/,0
MEGACHILIDAE,Megachilinae,Osmiini,None,Osmia,Melanosmia,Osmia nanula,https://teaswamp-creations.github.io/bee-book/bees/osmia_nanula/,0
MEGACHILIDAE,Megachilinae,Osmiini,None,Osmia,Melanosmia,Osmia nemoris,https://teaswamp-creations.github.io/bee-book/bees/osmia_nemoris/,0
MEGACHILIDAE,Megachilinae,Osmiini,None,Osmia,Melanosmia,Osmia nifoata,https://en.wikipedia.org/wiki/Osmia_nifoata,0
MEGACHILIDAE,Megachilinae,Osmiini,None,Osmia,Melanosmia,Osmia nigrifrons,https://teaswamp-creations.github.io/bee-book/bees/osmia_nigrifrons/,0
MEGACHILIDAE,Megachilinae,Osmiini,None,Osmia,Melanosmia,Osmia nigriventris,https://teaswamp-creations.github.io/bee-book/bees/osmia_nigriventris/,0
MEGACHILIDAE,Megachilinae,Osmiini,None,Osmia,Melanosmia,Osmia obliqua,https://teaswamp-creations.github.io/bee-book/bees/osmia_obliqua/,0
MEGACHILIDAE,Megachilinae,Osmiini,None,Osmia,Melanosmia,Osmia odontogaster,https://teaswamp-creations.github.io/bee-book/bees/osmia_odontogaster/,0
MEGACHILIDAE,Megachilinae,Osmiini,None,Osmia,Melanosmia,Osmia paradisica,https://en.wikipedia.org/wiki/Osmia_paradisica,0
MEGACHILIDAE,Megachilinae,Osmiini,None,Osmia,Melanosmia,Osmia pentstemonis,https://teaswamp-creations.github.io/bee-book/bees/osmia_pentstemonis/,0
MEGACHILIDAE,Megachilinae,Osmiini,None,Osmia,Melanosmia,Osmia pikei,https://en.wikipedia.org/wiki/Osmia_pikei,0
MEGACHILIDAE,Megachilinae,Osmiini,None,Osmia,Melanosmia,Osmia proxima,https://teaswamp-creations.github.io/bee-book/bees/osmia_proxima/,0
MEGACHILIDAE,Megachilinae,Osmiini,None,Osmia,Melanosmia,Osmia pulsatillae,https://en.wikipedia.org/wiki/Osmia_pulsatillae,0
MEGACHILIDAE,Megachilinae,Osmiini,None,Osmia,Melanosmia,Osmia pusilla,https://teaswamp-creations.github.io/bee-book/bees/osmia_pusilla/,0
MEGACHILIDAE,Megachilinae,Osmiini,None,Osmia,Melanosmia,Osmia raritatis,https://en.wikipedia.org/wiki/Osmia_raritatis,0
MEGACHILIDAE,Megachilinae,Osmiini,None,Osmia,Melanosmia,Osmia regulina,https://en.wikipedia.org/wiki/Osmia_regulina,0
MEGACHILIDAE,Megachilinae,Osmiini,None,Osmia,Melanosmia,Osmia sedula,https://teaswamp-creations.github.io/bee-book/bees/osmia_sedula/,0
MEGACHILIDAE,Megachilinae,Osmiini,None,Osmia,Melanosmia,Osmia simillima,https://en.wikipedia.org/wiki/Osmia_simillima,0
MEGACHILIDAE,Megachilinae,Osmiini,None,Osmia,Cephalosmia,Osmia subaustralis,https://teaswamp-creations.github.io/bee-book/bees/osmia_subaustralis/,0
MEGACHILIDAE,Megachilinae,Osmiini,None,Osmia,Melanosmia,Osmia tersula,https://en.wikipedia.org/wiki/Osmia_tersula,0
MEGACHILIDAE,Megachilinae,Osmiini,None,Osmia,Helicosmia,Osmia texana,https://teaswamp-creations.github.io/bee-book/bees/osmia_texana/,0
MEGACHILIDAE,Megachilinae,Osmiini,None,Osmia,Melanosmia,Osmia trevoris,https://teaswamp-creations.github.io/bee-book/bees/osmia_trevoris/,0
MEGACHILIDAE,Megachilinae,Osmiini,None,Osmia,Melanosmia,Osmia tristella,https://teaswamp-creations.github.io/bee-book/bees/osmia_tristella/,0
MEGACHILIDAE,Megachilinae,Osmiini,None,Osmia,Melanosmia,Osmia unca,https://en.wikipedia.org/wiki/Osmia_unca,0
MEGACHILIDAE,Megachilinae,Osmiini,None,Stelis,Stelis,Stelis ashmeadiellae,https://teaswamp-creations.github.io/bee-book/bees/stelis_ashmeadiellae/,0
MEGACHILIDAE,Megachilinae,Osmiini,None,Stelis,Stelis,Stelis calliphorina,https://en.wikipedia.org/wiki/Stelis_calliphorina,0
MEGACHILIDAE,Megachilinae,Osmiini,None,Stelis,Stelis,Stelis callura,https://en.wikipedia.org/wiki/Stelis_callura,0
MEGACHILIDAE,Megachilinae,Osmiini,None,Stelis,Stelis,Stelis carnifex,https://en.wikipedia.org/wiki/Stelis_carnifex,0
MEGACHILIDAE,Megachilinae,Osmiini,None,Stelis,Stelis,Stelis coarctatus,https://en.wikipedia.org/wiki/Stelis_coarctatus,0
MEGACHILIDAE,Megachilinae,Osmiini,None,Stelis,Stelis,Stelis elegans,https://en.wikipedia.org/wiki/Stelis_elegans,0
MEGACHILIDAE,Megachilinae,Osmiini,None,Stelis,Stelis,Stelis lateralis,https://teaswamp-creations.github.io/bee-book/bees/stelis_lateralis/,0
MEGACHILIDAE,Megachilinae,Osmiini,None,Stelis,Stelis,Stelis maculata,https://teaswamp-creations.github.io/bee-book/bees/stelis_maculata/,0
MEGACHILIDAE,Megachilinae,Osmiini,None,Stelis,Stelis,Stelis montana,https://en.wikipedia.org/wiki/Stelis_montana,0
MEGACHILIDAE,Megachilinae,Osmiini,None,Stelis,Stelis,Stelis monticola,https://en.wikipedia.org/wiki/Stelis_monticola,0
MEGACHILIDAE,Megachilinae,Osmiini,None,Stelis,Stelis,Stelis occidentalis,https://en.wikipedia.org/wiki/Stelis_occidentalis,0
MEGACHILIDAE,Megachilinae,Osmiini,None,Stelis,Stelis,Stelis ricardonis,https://teaswamp-creations.github.io/bee-book/bees/stelis_ricardonis/,0
MEGACHILIDAE,Megachilinae,Osmiini,None,Stelis,Stelis,Stelis rubi,https://en.wikipedia.org/wiki/Stelis_rubi,0
MELITTIDAE,Melittinae,None,None,Macropis,Macropis,Macropis nuda,https://teaswamp-creations.github.io/bee-book/bees/macropis_nuda/,1
