"Subspecies","iNat_Obs","Source","Family","Subfamily","Tribe","Subtribe","Genus","Subgenus","Species"
,326,"ITIS","Halictidae","Halictinae","Halictini",,"Agapostemon",,"Agapostemon texanus"
,326,"Sheffield&Heron","HALICTIDAE","Halictinae","Halictini",,"Agapostemon","Agapostemon","Agapostemon texanus"
,91,"ITIS","Halictidae","Halictinae","Halictini",,"Agapostemon",,"Agapostemon virescens"
,91,"Sheffield&Heron","HALICTIDAE","Halictinae","Halictini",,"Agapostemon","Agapostemon","Agapostemon virescens"
,3,"ITIS","Andrenidae","Andreninae","Andrenini",,"Andrena",,"Andrena amphibola"
,3,"Sheffield&Heron","ANDRENIDAE","Andreninae",,,"Andrena","Trachandrena","Andrena amphibola"
,31,"ITIS","Andrenidae","Andreninae","Andrenini",,"Andrena",,"Andrena astragali"
,31,"Sheffield&Heron","ANDRENIDAE","Andreninae",,,"Andrena","Euandrena","Andrena astragali"
,6,"ITIS","Andrenidae","Andreninae","Andrenini",,"Andrena",,"Andrena auricoma"
,6,"Sheffield&Heron","ANDRENIDAE","Andreninae",,,"Andrena","Euandrena","Andrena auricoma"
,1,"ITIS","Andrenidae","Andreninae","Andrenini",,"Andrena",,"Andrena barbilabris"
,1,"Sheffield&Heron","ANDRENIDAE","Andreninae",,,"Andrena","Leucandrena","Andrena barbilabris"
,3,"ITIS","Andrenidae","Andreninae","Andrenini",,"Andrena",,"Andrena columbiana"
,3,"Sheffield&Heron","ANDRENIDAE","Andreninae",,,"Andrena","Cnemidandrena","Andrena columbiana"
,6,"ITIS","Andrenidae","Andreninae","Andrenini",,"Andrena",,"Andrena crataegi"
,6,"Sheffield&Heron","ANDRENIDAE","Andreninae",,,"Andrena","Plastandrena","Andrena crataegi"
,4,"ITIS","Andrenidae","Andreninae","Andrenini",,"Andrena",,"Andrena frigida"
,4,"Sheffield&Heron","ANDRENIDAE","Andreninae",,,"Andrena","Andrena","Andrena frigida"
,5,"ITIS","Andrenidae","Andreninae","Andrenini",,"Andrena",,"Andrena milwaukeensis"
,5,"Sheffield&Heron","ANDRENIDAE","Andreninae",,,"Andrena","Andrena","Andrena milwaukeensis"
,9,"ITIS","Andrenidae","Andreninae","Andrenini",,"Andrena",,"Andrena miserabilis"
,9,"Sheffield&Heron","ANDRENIDAE","Andreninae",,,"Andrena","Larandrena","Andrena miserabilis"
,1,"ITIS","Andrenidae","Andreninae","Andrenini",,"Andrena",,"Andrena nigrocaerulea"
,1,"Sheffield&Heron","ANDRENIDAE","Andreninae",,,"Andrena","Euandrena","Andrena nigrocaerulea"
,220,"ITIS","Andrenidae","Andreninae","Andrenini",,"Andrena",,"Andrena prunorum"
,1,"ITIS","Andrenidae","Andreninae","Andrenini",,"Andrena",,"Andrena surda"
,1,"Sheffield&Heron","ANDRENIDAE","Andreninae",,,"Andrena","Cnemidandrena","Andrena surda"
,7,"ITIS","Andrenidae","Andreninae","Andrenini",,"Andrena",,"Andrena transnigra"
,7,"Sheffield&Heron","ANDRENIDAE","Andreninae",,,"Andrena","Melandrena","Andrena transnigra"
,1,"ITIS","Andrenidae","Andreninae","Andrenini",,"Andrena",,"Andrena vicina"
,1,"Sheffield&Heron","ANDRENIDAE","Andreninae",,,"Andrena","Melandrena","Andrena vicina"
,3,"ITIS","Megachilidae","Megachilinae","Anthidiini",,"Anthidiellum",,"Anthidiellum notatum"
,1,"ITIS","Megachilidae","Megachilinae","Anthidiini",,"Anthidium",,"Anthidium banningense"
,1,"ITIS","Megachilidae","Megachilinae","Anthidiini",,"Anthidium",,"Anthidium maculosum"
,429,"ITIS","Megachilidae","Megachilinae","Anthidiini",,"Anthidium",,"Anthidium manicatum"
,429,"Sheffield&Heron","MEGACHILIDAE","Megachilinae","Osmiini",,"Anthidium","Anthidium","Anthidium manicatum"
,31,"ITIS","Megachilidae","Megachilinae","Anthidiini",,"Anthidium",,"Anthidium oblongatum"
,39,"ITIS","Apidae","Apinae","Anthophorini",,"Anthophora",,"Anthophora bomboides"
,39,"Sheffield&Heron","APIDAE","Apinae","Anthophorini",,"Anthophora","Melea","Anthophora bomboides"
,1,"ITIS","Apidae","Apinae","Anthophorini",,"Anthophora",,"Anthophora edwardsii"
,1,"Sheffield&Heron","APIDAE","Apinae","Anthophorini",,"Anthophora","Pyganthophora","Anthophora edwardsii"
,3,"ITIS","Apidae","Apinae","Anthophorini",,"Anthophora",,"Anthophora occidentalis"
,3,"Sheffield&Heron","APIDAE","Apinae","Anthophorini",,"Anthophora","Melea","Anthophora occidentalis"
,36,"ITIS","Apidae","Apinae","Anthophorini",,"Anthophora",,"Anthophora pacifica"
,36,"Sheffield&Heron","APIDAE","Apinae","Anthophorini",,"Anthophora","Lophanthophora","Anthophora pacifica"
,22,"ITIS","Apidae","Apinae","Anthophorini",,"Anthophora",,"Anthophora terminalis"
,22,"Sheffield&Heron","APIDAE","Apinae","Anthophorini",,"Anthophora","Clisodon","Anthophora terminalis"
,4,"ITIS","Apidae","Apinae","Anthophorini",,"Anthophora",,"Anthophora urbana"
,4,"Sheffield&Heron","APIDAE","Apinae","Anthophorini",,"Anthophora","Mystacanthophora","Anthophora urbana"
,4690,"ITIS","Apidae","Apinae","Apini",,"Apis",,"Apis mellifera"
,4690,"Sheffield&Heron","APIDAE","Apinae","Apini",,"Apis","Apis","Apis mellifera"
,1,"ITIS","Megachilidae","Megachilinae","Osmiini",,"Atoposmia",,"Atoposmia elongata"
,195,"ITIS","Apidae","Apinae","Bombini",,"Bombus",,"Bombus appositus"
,195,"Sheffield&Heron","APIDAE","Apinae","Bombini",,"Bombus","Subterraneeobombus","Bombus appositus"
,5,"ITIS","Apidae","Apinae","Bombini",,"Bombus",,"Bombus ashtoni"
,5,"ITIS","Apidae","Apinae","Bombini",,"Bombus",,"Bombus borealis"
,5,"Sheffield&Heron","APIDAE","Apinae","Bombini",,"Bombus","Subterraneeobombus","Bombus borealis"
,287,"ITIS","Apidae","Apinae","Bombini",,"Bombus",,"Bombus californicus"
,201,"ITIS","Apidae","Apinae","Bombini",,"Bombus",,"Bombus centralis"
,201,"Sheffield&Heron","APIDAE","Apinae","Bombini",,"Bombus","Pyrobombus","Bombus centralis"
,70,"ITIS","Apidae","Apinae","Bombini",,"Bombus",,"Bombus cryptarum"
,70,"Sheffield&Heron","APIDAE","Apinae","Bombini",,"Bombus","Bombus","Bombus cryptarum"
,40,"ITIS","Apidae","Apinae","Bombini",,"Bombus",,"Bombus fervidus"
,40,"Sheffield&Heron","APIDAE","Apinae","Bombini",,"Bombus","Thoracobombus","Bombus fervidus"
,145,"ITIS","Apidae","Apinae","Bombini",,"Bombus",,"Bombus flavidus"
,145,"Sheffield&Heron","APIDAE","Apinae","Bombini",,"Bombus","Psithyrus","Bombus flavidus"
,1860,"ITIS","Apidae","Apinae","Bombini",,"Bombus",,"Bombus flavifrons"
,1860,"Sheffield&Heron","APIDAE","Apinae","Bombini",,"Bombus","Pyrobombus","Bombus flavifrons"
,24,"ITIS","Apidae","Apinae","Bombini",,"Bombus",,"Bombus frigidus"
,24,"Sheffield&Heron","APIDAE","Apinae","Bombini",,"Bombus","Pyrobombus","Bombus frigidus"
,73,"ITIS","Apidae","Apinae","Bombini",,"Bombus",,"Bombus griseocollis"
,73,"Sheffield&Heron","APIDAE","Apinae","Bombini",,"Bombus","Cullumanobombus","Bombus griseocollis"
,197,"ITIS","Apidae","Apinae","Bombini",,"Bombus",,"Bombus huntii"
,197,"Sheffield&Heron","APIDAE","Apinae","Bombini",,"Bombus","Pyrobombus","Bombus huntii"
,2110,"ITIS","Apidae","Apinae","Bombini",,"Bombus",,"Bombus impatiens"
,2110,"Sheffield&Heron","APIDAE","Apinae","Bombini",,"Bombus","Pyrobombus","Bombus impatiens"
,225,"ITIS","Apidae","Apinae","Bombini",,"Bombus",,"Bombus insularis"
,225,"Sheffield&Heron","APIDAE","Apinae","Bombini",,"Bombus","Psithyrus","Bombus insularis"
,12,"ITIS","Apidae","Apinae","Bombini",,"Bombus",,"Bombus kirbiellus"
,12,"Sheffield&Heron","APIDAE","Apinae","Bombini",,"Bombus","Alpinobombus","Bombus kirbiellus"
,1,"ITIS","Apidae","Apinae","Bombini",,"Bombus",,"Bombus kluanensis"
,27,"ITIS","Apidae","Apinae","Bombini",,"Bombus",,"Bombus mckayi"
,2481,"ITIS","Apidae","Apinae","Bombini",,"Bombus",,"Bombus melanopygus"
,2481,"Sheffield&Heron","APIDAE","Apinae","Bombini",,"Bombus","Pyrobombus","Bombus melanopygus"
,1854,"ITIS","Apidae","Apinae","Bombini",,"Bombus",,"Bombus mixtus"
,1854,"Sheffield&Heron","APIDAE","Apinae","Bombini",,"Bombus","Pyrobombus","Bombus mixtus"
,408,"ITIS","Apidae","Apinae","Bombini",,"Bombus",,"Bombus nevadensis"
,408,"Sheffield&Heron","APIDAE","Apinae","Bombini",,"Bombus","Bombias","Bombus nevadensis"
,372,"ITIS","Apidae","Apinae","Bombini",,"Bombus",,"Bombus occidentalis"
,35,"ITIS","Apidae","Apinae","Bombini",,"Bombus",,"Bombus perplexus"
,35,"Sheffield&Heron","APIDAE","Apinae","Bombini",,"Bombus","Pyrobombus","Bombus perplexus"
,391,"ITIS","Apidae","Apinae","Bombini",,"Bombus",,"Bombus rufocinctus"
,391,"Sheffield&Heron","APIDAE","Apinae","Bombini",,"Bombus","Cullumanobombus","Bombus rufocinctus"
,1,"ITIS","Apidae","Apinae","Bombini",,"Bombus",,"Bombus sandersoni"
,523,"ITIS","Apidae","Apinae","Bombini",,"Bombus",,"Bombus sitkensis"
,523,"Sheffield&Heron","APIDAE","Apinae","Bombini",,"Bombus","Pyrobombus","Bombus sitkensis"
,1,"ITIS","Apidae","Apinae","Bombini",,"Bombus",,"Bombus suckleyi"
,1,"Sheffield&Heron","APIDAE","Apinae","Bombini",,"Bombus","Psithyrus","Bombus suckleyi"
,18,"ITIS","Apidae","Apinae","Bombini",,"Bombus",,"Bombus sylvicola"
,18,"Sheffield&Heron","APIDAE","Apinae","Bombini",,"Bombus","Pyrobombus","Bombus sylvicola"
,158,"ITIS","Apidae","Apinae","Bombini",,"Bombus",,"Bombus ternarius"
,158,"Sheffield&Heron","APIDAE","Apinae","Bombini",,"Bombus","Pyrobombus","Bombus ternarius"
,141,"ITIS","Apidae","Apinae","Bombini",,"Bombus",,"Bombus terricola"
,141,"Sheffield&Heron","APIDAE","Apinae","Bombini",,"Bombus","Bombus","Bombus terricola"
,449,"ITIS","Apidae","Apinae","Bombini",,"Bombus",,"Bombus vagans"
,2087,"ITIS","Apidae","Apinae","Bombini",,"Bombus",,"Bombus vancouverensis"
,3,"ITIS","Apidae","Apinae","Bombini",,"Bombus",,"Bombus vandykei"
,3,"Sheffield&Heron","APIDAE","Apinae","Bombini",,"Bombus","Pyrobombus","Bombus vandykei"
,2232,"ITIS","Apidae","Apinae","Bombini",,"Bombus",,"Bombus vosnesenskii"
,2232,"Sheffield&Heron","APIDAE","Apinae","Bombini",,"Bombus","Pyrobombus","Bombus vosnesenskii"
,3,"ITIS","Apidae","Xylocopinae","Ceratinini",,"Ceratina",,"Ceratina acantha"
,3,"Sheffield&Heron","APIDAE","Xylocopinae","Ceratinini",,"Ceratina","Zandontomerus","Ceratina acantha"
,47,"ITIS","Megachilidae","Megachilinae","Megachilini",,"Coelioxys",,"Coelioxys rufitarsis"
,47,"Sheffield&Heron","MEGACHILIDAE","Megachilinae","Megachilini",,"Coelioxys","Boreocoelioxys","Coelioxys rufitarsis"
,1,"ITIS","Colletidae","Colletinae",,,"Colletes",,"Colletes fulgidus"
,1,"ITIS","Colletidae","Colletinae",,,"Colletes",,"Colletes kincaidii"
,1,"Sheffield&Heron","COLLETIDAE","Colletinae","Colletini",,"Colletes",,"Colletes kincaidii"
,6,"ITIS","Apidae","Apinae","Emphorini","Emphorina","Diadasia",,"Diadasia australis"
,6,"Sheffield&Heron","APIDAE","Nomadinae","Emphorini",,"Diadasia",,"Diadasia australis"
,3,"ITIS","Apidae","Apinae","Emphorini","Emphorina","Diadasia",,"Diadasia diminuta"
,3,"Sheffield&Heron","APIDAE","Nomadinae","Emphorini",,"Diadasia",,"Diadasia diminuta"
,154,"ITIS","Megachilidae","Megachilinae","Anthidiini",,"Dianthidium",,"Dianthidium subparvum"
,154,"Sheffield&Heron","MEGACHILIDAE","Megachilinae","Osmiini",,"Dianthidium","Dianthidium","Dianthidium subparvum"
,1,"ITIS","Halictidae","Rophitinae",,,"Dufourea",,"Dufourea dilatipes"
,1,"Sheffield&Heron","HALICTIDAE","Rophitinae",,,"Dufourea",,"Dufourea dilatipes"
,4,"ITIS","Halictidae","Rophitinae",,,"Dufourea",,"Dufourea holocyanea"
,4,"Sheffield&Heron","HALICTIDAE","Rophitinae",,,"Dufourea",,"Dufourea holocyanea"
,4,"ITIS","Halictidae","Rophitinae",,,"Dufourea",,"Dufourea maura"
,4,"Sheffield&Heron","HALICTIDAE","Rophitinae",,,"Dufourea",,"Dufourea maura"
,2,"ITIS","Halictidae","Rophitinae",,,"Dufourea",,"Dufourea trochantera"
,2,"Sheffield&Heron","HALICTIDAE","Rophitinae",,,"Dufourea",,"Dufourea trochantera"
,1,"ITIS","Apidae","Nomadinae","Epeolini",,"Epeolus",,"Epeolus americanus"
,1,"Sheffield&Heron","APIDAE","Nomadinae","Epeolini",,"Epeolus",,"Epeolus americanus"
,1,"ITIS","Apidae","Nomadinae","Epeolini",,"Epeolus",,"Epeolus compactus"
,1,"Sheffield&Heron","APIDAE","Nomadinae","Epeolini",,"Epeolus",,"Epeolus compactus"
,2,"ITIS","Apidae","Nomadinae","Epeolini",,"Epeolus",,"Epeolus minimus"
,2,"Sheffield&Heron","APIDAE","Nomadinae","Epeolini",,"Epeolus",,"Epeolus minimus"
,26,"ITIS","Apidae","Nomadinae","Epeolini",,"Epeolus",,"Epeolus olympiellus"
,26,"Sheffield&Heron","APIDAE","Nomadinae","Epeolini",,"Epeolus",,"Epeolus olympiellus"
,1,"ITIS","Apidae","Apinae","Eucerini","Eucerina","Eucera",,"Eucera cordleyi"
,1,"Sheffield&Heron","APIDAE","Apinae","Eucerini",,"Eucera","Synhalonia","Eucera cordleyi"
,1,"ITIS","Apidae","Apinae","Eucerini","Eucerina","Eucera",,"Eucera edwardsii"
,1,"Sheffield&Heron","APIDAE","Apinae","Eucerini",,"Eucera","Synhalonia","Eucera edwardsii"
,48,"ITIS","Apidae","Apinae","Anthophorini",,"Habropoda",,"Habropoda cineraria"
,48,"Sheffield&Heron","APIDAE","Apinae","Anthophorini",,"Habropoda",,"Habropoda cineraria"
,5,"ITIS","Apidae","Apinae","Anthophorini",,"Habropoda",,"Habropoda miserabilis"
,5,"Sheffield&Heron","APIDAE","Apinae","Anthophorini",,"Habropoda",,"Habropoda miserabilis"
,22,"ITIS","Halictidae","Halictinae","Halictini",,"Halictus",,"Halictus confusus"
,34,"ITIS","Halictidae","Halictinae","Halictini",,"Halictus",,"Halictus farinosus"
,34,"Sheffield&Heron","HALICTIDAE","Halictinae","Halictini",,"Halictus","Nealictus","Halictus farinosus"
,39,"ITIS","Halictidae","Halictinae","Halictini",,"Halictus",,"Halictus ligatus"
,39,"Sheffield&Heron","HALICTIDAE","Halictinae","Halictini",,"Halictus","Odontalictus","Halictus ligatus"
,359,"ITIS","Halictidae","Halictinae","Halictini",,"Halictus",,"Halictus rubicundus"
,359,"Sheffield&Heron","HALICTIDAE","Halictinae","Halictini",,"Halictus","Protohalictus","Halictus rubicundus"
,6,"ITIS","Halictidae","Halictinae","Halictini",,"Halictus",,"Halictus tripartitus"
,6,"Sheffield&Heron","HALICTIDAE","Halictinae","Halictini",,"Halictus","Seladonia","Halictus tripartitus"
,5,"ITIS","Megachilidae","Megachilinae","Osmiini",,"Hoplitis",,"Hoplitis albifrons"
,4,"ITIS","Megachilidae","Megachilinae","Osmiini",,"Hoplitis",,"Hoplitis fulgida"
,1,"ITIS","Megachilidae","Megachilinae","Osmiini",,"Hoplitis",,"Hoplitis producta"
,5,"ITIS","Colletidae","Hylaeinae",,,"Hylaeus",,"Hylaeus annulatus"
,5,"Sheffield&Heron","COLLETIDAE","Hylaeinae","Colletini",,"Hylaeus","Hylaeus","Hylaeus annulatus"
,1,"ITIS","Colletidae","Hylaeinae",,,"Hylaeus",,"Hylaeus basalis"
,1,"Sheffield&Heron","COLLETIDAE","Hylaeinae","Colletini",,"Hylaeus","Cephalylaeus","Hylaeus basalis"
,1,"ITIS","Colletidae","Hylaeinae",,,"Hylaeus",,"Hylaeus mesillae"
,1,"Sheffield&Heron","COLLETIDAE","Hylaeinae","Colletini",,"Hylaeus","Hylaeus","Hylaeus mesillae"
,8,"ITIS","Colletidae","Hylaeinae",,,"Hylaeus",,"Hylaeus punctatus"
,1,"ITIS","Halictidae","Halictinae","Halictini",,"Lasioglossum",,"Lasioglossum marinense"
,1,"Sheffield&Heron","HALICTIDAE","Halictinae","Halictini",,"Lasioglossum","Dialictus","Lasioglossum marinense"
,20,"ITIS","Halictidae","Halictinae","Halictini",,"Lasioglossum",,"Lasioglossum ovaliceps"
,20,"Sheffield&Heron","HALICTIDAE","Halictinae","Halictini",,"Lasioglossum","Hemihalictus","Lasioglossum ovaliceps"
,6,"ITIS","Halictidae","Halictinae","Halictini",,"Lasioglossum",,"Lasioglossum sisymbrii"
,6,"Sheffield&Heron","HALICTIDAE","Halictinae","Halictini",,"Lasioglossum","Lasioglossum","Lasioglossum sisymbrii"
,1,"ITIS","Melittidae","Melittinae",,,"Macropis","Macropis","Macropis nuda"
,1,"Sheffield&Heron","MELITTIDAE","Melittinae",,,"Macropis","Macropis","Macropis nuda"
,4,"ITIS","Megachilidae","Megachilinae","Megachilini",,"Megachile",,"Megachile angelarum"
,4,"Sheffield&Heron","MEGACHILIDAE","Megachilinae","Megachilini",,"Megachile","Chelostomoides","Megachile angelarum"
,4,"ITIS","Megachilidae","Megachilinae","Megachilini",,"Megachile",,"Megachile apicalis"
,4,"Sheffield&Heron","MEGACHILIDAE","Megachilinae","Megachilini",,"Megachile","Eutricharaea","Megachile apicalis"
,48,"ITIS","Megachilidae","Megachilinae","Megachilini",,"Megachile",,"Megachile fidelis"
,48,"Sheffield&Heron","MEGACHILIDAE","Megachilinae","Megachilini",,"Megachile","Sayapis","Megachile fidelis"
,3,"ITIS","Megachilidae","Megachilinae","Megachilini",,"Megachile",,"Megachile frigida"
,3,"Sheffield&Heron","MEGACHILIDAE","Megachilinae","Megachilini",,"Megachile","Xanthosarus","Megachile frigida"
,4,"ITIS","Megachilidae","Megachilinae","Megachilini",,"Megachile",,"Megachile inermis"
,4,"Sheffield&Heron","MEGACHILIDAE","Megachilinae","Megachilini",,"Megachile","Megachile","Megachile inermis"
,113,"ITIS","Megachilidae","Megachilinae","Megachilini",,"Megachile",,"Megachile melanophaea"
,113,"Sheffield&Heron","MEGACHILIDAE","Megachilinae","Megachilini",,"Megachile","Xanthosarus","Megachile melanophaea"
,2,"ITIS","Megachilidae","Megachilinae","Megachilini",,"Megachile",,"Megachile montivaga"
,2,"Sheffield&Heron","MEGACHILIDAE","Megachilinae","Megachilini",,"Megachile","Megachile","Megachile montivaga"
,447,"ITIS","Megachilidae","Megachilinae","Megachilini",,"Megachile",,"Megachile perihirta"
,447,"Sheffield&Heron","MEGACHILIDAE","Megachilinae","Megachilini",,"Megachile","Xanthosarus","Megachile perihirta"
,14,"ITIS","Megachilidae","Megachilinae","Megachilini",,"Megachile",,"Megachile pugnata"
,7,"ITIS","Megachilidae","Megachilinae","Megachilini",,"Megachile",,"Megachile relativa"
,7,"Sheffield&Heron","MEGACHILIDAE","Megachilinae","Megachilini",,"Megachile","Megachile","Megachile relativa"
,22,"ITIS","Megachilidae","Megachilinae","Megachilini",,"Megachile",,"Megachile rotundata"
,22,"Sheffield&Heron","MEGACHILIDAE","Megachilinae","Megachilini",,"Megachile","Eutricharaea","Megachile rotundata"
,2,"ITIS","Apidae","Apinae","Melectini",,"Melecta",,"Melecta pacifica"
,62,"ITIS","Apidae","Apinae","Melectini",,"Melecta",,"Melecta separata"
,1,"ITIS","Apidae","Apinae","Eucerini","Eucerina","Melissodes",,"Melissodes agilis"
,1,"Sheffield&Heron","APIDAE","Apinae","Eucerini",,"Melissodes","Eumelissodes","Melissodes agilis"
,4,"ITIS","Apidae","Apinae","Eucerini","Eucerina","Melissodes",,"Melissodes bimatris"
,4,"Sheffield&Heron","APIDAE","Apinae","Eucerini",,"Melissodes","Eumelissodes","Melissodes bimatris"
,99,"ITIS","Apidae","Apinae","Eucerini","Eucerina","Melissodes",,"Melissodes microstictus"
,99,"Sheffield&Heron","APIDAE","Apinae","Eucerini",,"Melissodes","Eumelissodes","Melissodes microstictus"
,1,"ITIS","Apidae","Apinae","Eucerini","Eucerina","Melissodes",,"Melissodes rivalis"
,1,"Sheffield&Heron","APIDAE","Apinae","Eucerini",,"Melissodes","Heliomelissodes","Melissodes rivalis"
,1,"ITIS","Apidae","Nomadinae","Biastini",,"Neopasites",,"Neopasites fulviventris"
,1,"ITIS","Apidae","Nomadinae","Nomadini",,"Nomada",,"Nomada edwardsii"
,1,"Sheffield&Heron","APIDAE","Nomadinae","Nomadini",,"Nomada",,"Nomada edwardsii"
,1,"ITIS","Apidae","Nomadinae","Nomadini",,"Nomada",,"Nomada mutans"
,1,"ITIS","Apidae","Nomadinae","Nomadini",,"Nomada",,"Nomada superba"
,1,"Sheffield&Heron","APIDAE","Nomadinae","Nomadini",,"Nomada",,"Nomada superba"
,1,"ITIS","Apidae","Nomadinae","Nomadini",,"Nomada",,"Nomada texana"
,1,"Sheffield&Heron","APIDAE","Nomadinae","Nomadini",,"Nomada",,"Nomada texana"
,2,"ITIS","Megachilidae","Megachilinae","Osmiini",,"Osmia",,"Osmia bucephala"
,2,"Sheffield&Heron","MEGACHILIDAE","Megachilinae","Osmiini",,"Osmia","Melanosmia","Osmia bucephala"
,3,"ITIS","Megachilidae","Megachilinae","Osmiini",,"Osmia",,"Osmia caerulescens"
,4,"ITIS","Megachilidae","Megachilinae","Osmiini",,"Osmia",,"Osmia coloradensis"
,4,"Sheffield&Heron","MEGACHILIDAE","Megachilinae","Osmiini",,"Osmia","Helicosmia","Osmia coloradensis"
,1,"ITIS","Megachilidae","Megachilinae","Osmiini",,"Osmia",,"Osmia cornuta"
,384,"ITIS","Megachilidae","Megachilinae","Osmiini",,"Osmia",,"Osmia lignaria"
,1,"ITIS","Andrenidae","Panurginae","Panurgini","Perditina","Perdita",,"Perdita nevadensis"
,1,"Sheffield&Heron","ANDRENIDAE","Panurginae","Perditini",,"Perdita","Pygoperdita","Perdita nevadensis"
,2,"ITIS","Andrenidae","Panurginae","Panurgini","Perditina","Perdita",,"Perdita wyomingensis"
,1,"ITIS","Halictidae","Halictinae","Halictini",,"Sphecodes",,"Sphecodes ranunculi"
,8,"ITIS","Apidae","Nomadinae","Epeolini",,"Triepeolus",,"Triepeolus paenepectoralis"
,8,"Sheffield&Heron","APIDAE","Nomadinae","Epeolini",,"Triepeolus",,"Triepeolus paenepectoralis"
